﻿{
   "title": "Arabic",
   "address": {
      "building_number": [
         "####",
         "###",
         "##",
         "#"
      ],
      "street_prefix": [
         "شارع",
         "ش",
         "تقاطع",
         "ميدان",
         "دوار",
         "طريق"
      ],
      "secondary_address": [
         "شقة ###",
         "طابق ##",
         "مبنى ##",
         "عمارة ##",
         "مدخل ##",
         "فيلا ##"
      ],
      "postcode": [
         "#####-#####"
      ],
      "state": [
         "القدس",
         "القاهرة",
         "بيروت",
         "بغداد",
         "دمشق",
         "الرياض",
         "صنعاء",
         "الخرطوم",
         "عمّان",
         "أبو ظبي",
         "طرابلس",
         "الرباط",
         "تونس",
         "نواكشوط",
         "مسقط",
         "الكويت",
         "مقديشو",
         "المنامة",
         "الجزائر",
         "الدوحة",
         "موروني",
         "جيبوتي"
      ],
      "city_name": [
         "ابراء",
         "ابها",
         "أبو ظبي",
         "ارمناز",
         "ازرع",
         "ازويرات",
         "ادلب",
         "اكجوجت",
         "الإسكندرية",
         "الإسماعيلية",
         "الأبيض",
         "الأتارب",
         "الأزرق",
         "الأغواط",
         "الأقصر",
         "الباب",
         "الباحة",
         "البتراء",
         "البديع",
         "البريمي",
         "البصرة",
         "البغدادي",
         "البليدة",
         "البيرة",
         "البيضاء",
         "البيضاء",
         "التاجي",
         "التل",
         "الثورة",
         "الجبيل",
         "الجديدة",
         "الجزائر",
         "الجش",
         "الجفر",
         "الجلفة",
         "الجنينة",
         "الجوف",
         "الجوف",
         "الجيزة",
         "الحجرة",
         "الحديدة",
         "الحريق",
         "الحسكة",
         "الحسيمة",
         "الحلة",
         "الحمرا",
         "الحوامدية",
         "الخبر",
         "الخرج",
         "الخرطوم",
         "الخروب",
         "الخليل",
         "الخمس",
         "الخميسات",
         "الدار البيضاء",
         "الدامر",
         "الدامور",
         "الدرعية",
         "الدقم",
         "دمازين",
         "الدمام",
         "الدوادمي",
         "الدوحة",
         "الدور",
         "الدويم",
         "الديماس",
         "الديوانية",
         "الراشيدية",
         "الرباط",
         "الرس",
         "الرستاق",
         "الرستن",
         "الرطبة",
         "الرفاع الغربي",
         "الرقة",
         "الرمادي",
         "الرمثا",
         "الرملة",
         "الرميلة",
         "الرويس",
         "الرياض",
         "الزاوية",
         "الزرقاء",
         "الزقازيق",
         "الزيمة",
         "السبت اولاد النمة",
         "السفيرة",
         "السقيلبية",
         "السلط",
         "السليل",
         "السليمانية",
         "السماوة",
         "السويداء",
         "السويس",
         "السويق",
         "السيب",
         "السيب",
         "الشارقة",
         "الشامية",
         "الشحر",
         "الشلف",
         "الشوف",
         "الصويرة",
         "الضعين",
         "الطائف",
         "الطريف",
         "الطينطان",
         "الظهران",
         "العرائش",
         "العريش",
         "العزيزية",
         "العضيلية",
         "العقبة",
         "العقير",
         "العلا",
         "العلمة",
         "العمارة",
         "العمران",
         "العوجا",
         "العين",
         "العيون",
         "العيون",
         "العيون",
         "العيينة",
         "الغردقة",
         "الفاشر",
         "الفجيرة",
         "الفحيحيل",
         "الفحيص",
         "الفقيه بنصالح",
         "الفلوجة",
         "الفنيدق",
         "فيفاء",
         "الفيوم",
         "القامشلي",
         "القاهرة",
         "القائم",
         "القبة",
         "القدموس",
         "القحطانية",
         "القدس",
         "القريات",
         "القصر الكبير",
         "القضارف",
         "القضيمة",
         "القطيفة",
         "القطيف",
         "القنفذة",
         "القنيطرة",
         "القنيطرة",
         "القويسمة",
         "القويعية",
         "القيروان",
         "القيصومة",
         "الكاظمية",
         "الكرك",
         "الكسوة",
         "الكوت",
         "اللاذقية",
         "اللد",
         "الليث",
         "المالكية",
         "المالكية",
         "المجمعة",
         "المحرق",
         "المحلة الكبرى",
         "المحمدية",
         "المحمدية",
         "المدية",
         "المدينة المنورة",
         "المراوعة",
         "المرج",
         "المرسى",
         "المزاحمية",
         "المسيلة",
         "المطرية",
         "المقدادية",
         "المكلا",
         "المناقل",
         "المنامة",
         "المنستير",
         "المنصورة",
         "المنطقة الخضراء",
         "المنيا",
         "الموصل",
         "الميادين",
         "القرداحة",
         "الناصرة",
         "الناصرية",
         "الناظور",
         "الناعورة",
         "النبطية",
         "النبك",
         "النجف",
         "النعمة",
         "النماص",
         "النهود",
         "الهفوف",
         "الوادي",
         "الوجه",
         "الوكرة",
         "اليوسفية",
         "انواديبو",
         "اوبيو",
         "اولاد التايمة",
         "إب",
         "إجدابيا",
         "إدفو",
         "إدلب",
         "إربد",
         "إزكي",
         "إسكندرية",
         "أبو كبير",
         "أبو كمال",
         "أخميم",
         "أدم",
         "أربيل",
         "أرتا",
         "أريحا",
         "أريحا",
         "أسفي",
         "أسوان",
         "أسيلا",
         "أسيوط",
         "أطار",
         "أعزاز",
         "أغادير",
         "أم الفحم",
         "أم القيوين",
         "أم درمان",
         "أم رواب",
         "أم قصر",
         "أوبوك",
         "آلاك",
         "باب الزوار",
         "بابابى",
         "باتنة",
         "باجل",
         "باقة الغربية",
         "بالهو",
         "بانياس",
         "بجاية",
         "بدبد",
         "بدر حنين",
         "براقي",
         "بربرة",
         "برج الكيفان",
         "برج بو عريريج",
         "برديرا",
         "برشيد",
         "بركاء",
         "بركان",
         "بريدة",
         "بريكة",
         "بسكرة",
         "بشار",
         "بعبدا",
         "بعلبك",
         "بغداد",
         "بقيق",
         "بلبيس",
         "بلجرشي",
         "بلد",
         "بليث وين",
         "بن عروس",
         "بنت جبيل",
         "بنجرير",
         "بنزرت",
         "بنغازي",
         "بنها",
         "بنى سويف",
         "بني ملال",
         "بني وليد",
         "بهلا",
         "بو سعادة",
         "بوتلميت",
         "بور سعيد",
         "بورتسودان",
         "بورو",
         "بوكادوم",
         "بوكى",
         "بيت الفقيه",
         "بيت حانون",
         "بيت لاهيا",
         "بيت لحم",
         "بيجي",
         "بيروت",
         "بيشة",
         "بريدة‏",
         "تبوك",
         "تاروت",
         "تارودانت",
         "تازة",
         "تبسة",
         "تربة البقوم",
         "تجكجة",
         "تدمر",
         "ترهونة",
         "تزنيت",
         "تطوان",
         "تعز",
         "تقورت",
         "تكريت",
         "تل رفعت",
         "تل كيف",
         "تلعفر",
         "تلكلخ",
         "تلمسان",
         "تنبدغة",
         "تنومة",
         "توريرت",
         "تونس",
         "تيارت",
         "تيفلت",
         "تيماء",
         "ثادق",
         "ثقبة",
         "ثول",
         "جاردو",
         "جازان",
         "جالكاسيو",
         "جباليا",
         "جبلة",
         "جت",
         "جحفية",
         "جرابلس",
         "جد حفص",
         "جدة",
         "جرجا",
         "جرسيف",
         "جرش",
         "جزيرة الحمراء",
         "جزين",
         "جسر الشغور",
         "جعار",
         "جلاجل",
         "جلافي",
         "جلب",
         "جنين",
         "جوبا",
         "جونية",
         "جيبوتي",
         "جيجل",
         "حائل",
         "حارم",
         "حجة",
         "حديثة",
         "حفر الباطن",
         "حقل",
         "حلب",
         "حلبا",
         "حلبجة",
         "حلفا الجديدة",
         "حماة",
         "حمص",
         "حوطة بني تميم",
         "حيفا",
         "خان شيخون",
         "خان يونس",
         "خانقين",
         "خريبة السوق",
         "خريبكة",
         "خصب",
         "خفجي",
         "خميس مشيط",
         "خنشلة",
         "خنيفرة",
         "خور أنجار",
         "خور فكان",
         "داريا",
         "دبا",
         "دبى",
         "دخان",
         "دخيل",
         "درعا",
         "درنة",
         "دسوق",
         "دمشق",
         "دمنهور",
         "دمياط",
         "دهبان",
         "دهوك",
         "دورا",
         "دوما",
         "دومة الجندل",
         "دير البلح",
         "دير الزور",
         "دير القمر",
         "دير عطية",
         "ذمار",
         "ذي سفال",
         "رابغ",
         "رام الله",
         "راس العين",
         "رأس الخيمة",
         "رأس تنورة",
         "رأس لفان",
         "ربك",
         "رداع",
         "رفح",
         "رفحا",
         "رندا",
         "روصو",
         "ريان",
         "ريسوت",
         "زاخو",
         "زبيد",
         "زحلة",
         "زلفي",
         "زليطن",
         "زوارة",
         "سامراء",
         "سبها",
         "سترة",
         "سحاب",
         "سحار",
         "سخنين",
         "سرت",
         "سطات",
         "سطيف",
         "سعيدة",
         "سكاكا",
         "سكيكدة",
         "سلفيت",
         "سلمية",
         "سمائل",
         "سنار",
         "سنجة",
         "سوسه",
         "سوق أهراس",
         "سوهاج",
         "سيان",
         "سيدي بلعباس",
         "سيدي سليمان",
         "سيدي قاسم",
         "سيلبابي",
         "سيهات",
         "شبرا الخيمة",
         "شبين الكوم",
         "شرورة",
         "شفاعمرو",
         "شقراء",
         "شلالة العذاورة",
         "شمسطار",
         "شهبا",
         "شناص",
         "شندي",
         "شيبه",
         "صافيتا",
         "صبراتة",
         "صحار",
         "صحم",
         "صرمان",
         "صفاقس",
         "صفرو",
         "صفوى",
         "صلالة",
         "صلخد",
         "صلنفة",
         "صنعاء",
         "صور",
         "صور",
         "صوران",
         "صيدا",
         "صير بني ياس",
         "ضبا",
         "ضرما",
         "طانطان",
         "طبرق",
         "طرابلس",
         "طرابلس",
         "طرطوس",
         "طرعان",
         "طنجة",
         "طنطا",
         "طوباس",
         "طولكرم",
         "طيبة الامام",
         "عالي",
         "عبري",
         "عامودا",
         "عجلون",
         "عجمان",
         "عدل بكرو",
         "عدن",
         "عرعر",
         "عشرة رمضان",
         "عطبرة",
         "عفرين",
         "عفك",
         "عفيف",
         "عقوبة",
         "عكا",
         "علي صبيح",
         "عمان",
         "عمران",
         "عنابة",
         "عنيزة",
         "عين البيضاء",
         "عين العرب",
         "عين وسارة",
         "غارو",
         "غرداية",
         "غريان",
         "غزة",
         "غليزان",
         "غليلة",
         "فاس",
         "فرسان",
         "قابس",
         "قالمة",
         "قريات",
         "قرية الجهراء",
         "قرية سار",
         "قصرين",
         "قلعة السراغنة",
         "قلقيلية",
         "قليوب",
         "قنا",
         "قسنطينة",
         "كادوقلي",
         "كربلاء",
         "كركوك",
         "كرو",
         "كسلا",
         "كسماوي",
         "كفر الدوار",
         "كفر الشيخ",
         "كفر قاسم",
         "كفر كنا",
         "كفرشوبا",
         "كفرنجة",
         "كلميم",
         "كوستي",
         "كيفة",
         "كيهيدي",
         "لحج",
         "لوك",
         "لؤلؤة قطر",
         "ليلى",
         "ليوا",
         "مادبا",
         "مال",
         "مدحاء",
         "مدنين",
         "مدينة الحرير",
         "مدينة الصدر",
         "مدينة الكويت",
         "مدينة الملك عبد الله الاقتصادية",
         "مدينة حمد",
         "مدينة ستة أكتوبر",
         "مدينة عيسى",
         "مراكش",
         "مرزق",
         "مرسى مطروح",
         "مستغانم",
         "مسعد",
         "مسقط",
         "مسيعيد",
         "مصراتة",
         "مصياف",
         "مصيرة",
         "مطرح",
         "معرة النعمان",
         "مقديشو",
         "مقطع لحجار",
         "مكة المكرمة",
         "مكناس",
         "ملكال",
         "ملوى",
         "منبج",
         "منح",
         "ميت غمر",
         "نابل",
         "نابلس",
         "نالوت",
         "نجران",
         "نزوى",
         "نواكشوط",
         "نوى",
         "نيالا",
         "هرجيسة",
         "هولهول",
         "هيت",
         "وادي الدواسر",
         "وادي حلفا",
         "وادي زم",
         "واو",
         "وجدة",
         "ودمدني",
         "ورزازات",
         "ورقلة",
         "وزان",
         "ولاتة",
         "وهران",
         "يافا",
         "يامبيو",
         "يبرود",
         "يريم",
         "يفرن",
         "ينبع",
         "يوبوكي",
         "يي",
         "عين اعبيد"
      ],
      "city": [
         "#{city_name}"
      ],
      "street_suffix": [
         "آزادی",
         "آفریقا",
         "آذربایجان",
         "حقانی",
         "امیرکبیر",
         "اجاره دار",
         "اقبال لاهوری",
         "ابوذر",
         "قدس",
         "سباری",
         "فاطمی",
         "مالک اشتر",
         "راستوان",
         "دیباجی",
         "واعظی",
         "دستغیب",
         "موحد دانش",
         "کارگر شمالی",
         "استاد قریب",
         "یادگار امام",
         "دکتر چمران",
         "رسالت",
         "سمیه",
         "شهید مطهری",
         "هویزه",
         "دماوند"
      ],
      "street_name": [
         "#{street_prefix} #{street_suffix}"
      ],
      "street_address": [
         "#{street_name}, #{building_number}",
         "#{street_name}, #{street_name}, #{building_number}"
      ],
      "default_country": [
         "فلسطين"
      ],
      "city_prefix": [
         ""
      ],
      "city_suffix": [
         ""
      ],
      "direction": [
         "شمال",
         "شرق",
         "جنوب",
         "غرب",
         "شمال شرق",
         "شمال غرب",
         "جنوب شرق",
         "جنوب غرب"
      ]
   },
   "name": {
      "male_first_name": [
         "آدم",
         "أسامة",
         "أمجد",
         "إيهاب",
         "بلال",
         "جابر‌",
         "حازم",
         "حسن",
         "طارق",
         "صلاح",
         "سعيد",
         "سالم",
         "زيد",
         "ربيع",
         "فؤاد",
         "فاروق",
         "فريد"
      ],
      "female_first_name": [
         "آية",
         "أروى",
         "إيناس",
         "جمانة",
         "فاطمة",
         "عبير",
         "شيماء",
         "سارة",
         "زينب",
         "ريم",
         "رنا",
         "رقية",
         "دانا",
         "فريدة",
         "لمى",
         "منى",
         "هاجر"
      ],
      "first_name": [
         "آدم",
         "أسامة",
         "أمجد",
         "إيهاب",
         "بلال",
         "جابر‌",
         "حازم",
         "حسن",
         "طارق",
         "صلاح",
         "سعيد",
         "سالم",
         "زيد",
         "ربيع",
         "فؤاد",
         "فاروق",
         "فريد",
         "آية",
         "أروى",
         "إيناس",
         "جمانة",
         "فاطمة",
         "عبير",
         "شيماء",
         "سارة",
         "زينب",
         "ريم",
         "رنا",
         "رقية",
         "دانا",
         "فريدة",
         "لمى",
         "منى",
         "هاجر"
      ],
      "last_name": [
         "عارف",
         "عاشور",
         "عراقی",
         "عزیز",
         "عصار",
         "عقیل",
         "معروف",
         "هاشم",
         "آدم",
         "أسامة",
         "أمجد",
         "إيهاب",
         "بلال",
         "جابر‌",
         "حازم",
         "حسن",
         "طارق",
         "صلاح",
         "سعيد",
         "سالم",
         "زيد",
         "ربيع",
         "فؤاد",
         "فاروق",
         "فريد"
      ],
      "gender": [
         "ذكر",
         "أنثى"
      ],
      "prefix": [
         "السيد/",
         "السيدة/"
      ],
      "title": {
         "job": [
            "مدير",
            "مدير مساعد",
            "مدير عام",
            "مهندس",
            "مصمم",
            "أخصائي",
            "منسق"
         ]
      },
      "name": [
         "#{prefix} #{first_name} #{last_name}",
         "#{first_name} #{last_name}",
         "#{first_name} #{last_name} #{last_name} #{last_name}",
         "#{first_name} #{last_name} #{last_name}",
         "#{male_first_name} #{last_name}",
         "#{male_first_name} #{last_name} #{last_name}",
         "#{male_first_name} #{last_name} #{last_name} #{last_name}",
         "#{female_first_name} #{last_name}",
         "#{female_first_name} #{last_name} #{last_name}",
         "#{female_first_name} #{last_name} #{last_name} #{last_name}"
      ]
   },
   "lorem": {
      "words": [
         "لوريم",
         "إيبسوم",
         "هو",
         "ببساطة",
         "نص",
         "شكلي",
         "بمعنى",
         "أن",
         "الغاية",
         "هي",
         "الشكل",
         "وليس",
         "المحتوى",
         "ويُستخدم",
         "في",
         "صناعات",
         "المطابع",
         "ودور",
         "النشر",
         "كان",
         "ولايزال",
         "المعيار",
         "للنص",
         "الشكلي",
         "منذ",
         "القرن",
         "الخامس",
         "عشر",
         "عندما",
         "قامت",
         "مطبعة",
         "مجهولة",
         "برص",
         "مجموعة",
         "من",
         "الأحرف",
         "بشكل",
         "عشوائي",
         "أخذتها",
         "لتكوّن",
         "كتيّب",
         "بمثابة",
         "دليل",
         "أو",
         "مرجع",
         "لهذه",
         "خمسة",
         "قرون",
         "الزمن",
         "لم",
         "تقضي",
         "على",
         "هذا",
         "النص",
         "بل",
         "انه",
         "حتى",
         "صار",
         "مستخدماً",
         "وبشكله",
         "الأصلي",
         "الطباعة",
         "والتنضيد",
         "الإلكتروني",
         "انتشر",
         "كبير",
         "ستينيّات",
         "مع",
         "إصدار",
         "رقائق",
         "ليتراسيت",
         "البلاستيكية",
         "تحوي",
         "مقاطع",
         "وعاد",
         "لينتشر",
         "مرة",
         "أخرى",
         "مؤخراَ",
         "ظهور",
         "برامج",
         "مثل",
         "ألدوس",
         "بايج",
         "مايكر",
         "والتي",
         "حوت",
         "أيضاً",
         "نسخ",
         "هناك",
         "حقيقة",
         "مثبتة",
         "زمن",
         "طويل",
         "وهي",
         "المقروء",
         "لصفحة",
         "ما",
         "سيلهي",
         "القارئ",
         "عن",
         "التركيز",
         "الخارجي",
         "شكل",
         "توضع",
         "الفقرات",
         "الصفحة",
         "التي",
         "يقرأها",
         "ولذلك",
         "يتم",
         "استخدام",
         "طريقة",
         "لأنها",
         "تعطي",
         "توزيعاَ",
         "طبيعياَ"
      ],
      "supplemental": [
         "حد",
         "ما",
         "للأحرف",
         "عوضاً",
         "هنا",
         "يوجد",
         "محتوى",
         "نصي",
         "فتجعلها",
         "تبدو",
         "أي",
         "الأحرف",
         "وكأنها",
         "مقروء",
         "العديد",
         "برامح",
         "المكتبي",
         "وبرامح",
         "تحرير",
         "صفحات",
         "الويب",
         "تستخدم",
         "إفتراضي",
         "كنموذج",
         "وإذا",
         "قمت",
         "بإدخال",
         "أي",
         "محرك",
         "بحث",
         "ستظهر",
         "المواقع",
         "الحديثة",
         "العهد",
         "نتائج",
         "البحث",
         "مدى",
         "السنين",
         "ظهرت",
         "جديدة",
         "ومختلفة",
         "أحياناً",
         "طريق",
         "الصدفة",
         "وأحياناً",
         "عمد",
         "كإدخال",
         "بعض",
         "العبارات",
         "الفكاهية",
         "إليها",
         "هنالك",
         "الأنواع",
         "المتوفرة",
         "لنصوص",
         "ولكن",
         "الغالبية",
         "تم",
         "تعديلها",
         "عبر",
         "إدخال",
         "النوادر",
         "الكلمات",
         "العشوائية",
         "إلى",
         "إن",
         "كنت",
         "تريد",
         "عليك",
         "تتحقق",
         "أولاً",
         "ليس",
         "كلمات",
         "عبارات",
         "محرجة",
         "غير",
         "لائقة",
         "مخبأة",
         "بينما",
         "تعمل",
         "جميع",
         "مولّدات",
         "نصوص",
         "الإنترنت",
         "إعادة",
         "تكرار",
         "نفسه",
         "عدة",
         "مرات",
         "بما",
         "تتطلبه",
         "الحاجة",
         "يقوم",
         "مولّدنا",
         "باستخدام",
         "قاموس",
         "يحوي",
         "أكثر",
         "كلمة",
         "لا",
         "تينية",
         "مضاف",
         "الجمل",
         "النموذجية",
         "لتكوين",
         "ذو",
         "منطقي",
         "قريب",
         "الحقيقي",
         "وبالتالي",
         "يكون",
         "الناتح",
         "خالي",
         "التكرار",
         "شابه",
         "وهذا",
         "يجعله",
         "أول",
         "مولّد",
         "حقيقي",
         "الإنترنت"
      ]
   }
}