{
  "title": "Azerbaijani",
  "separator": " və ",
  "address": {
    "country": [
      "Akrotiri və Dekeliya",
      "Aland adaları",
      "Albaniya",
      "Almaniya",
      "Amerika Samoası",
      "Andorra",
      "Angilya",
      "Anqola",
      "Antiqua və Barbuda",
      "Argentina",
      "Aruba",
      "Avstraliya",
      "Avstriya",
      "Azərbaycan",
      "Baham adaları",
      "Banqladeş",
      "Barbados",
      "Belçika",
      "Beliz",
      "Belarus",
      "Benin",
      "Bermud adaları",
      "BƏƏ",
      "ABŞ",
      "Boliviya",
      "Bolqarıstan",
      "Bosniya və Herseqovina",
      "Botsvana",
      "Böyük Britaniya",
      "Braziliya",
      "Bruney",
      "Burkina-Faso",
      "Burundi",
      "Butan",
      "Bəhreyn",
      "Cersi",
      "Cəbəli-Tariq",
      "CAR",
      "Cənubi Sudan",
      "Cənubi Koreya",
      "Cibuti",
      "Çad",
      "Çexiya",
      "Monteneqro",
      "Çili",
      "ÇXR",
      "Danimarka",
      "Dominika",
      "Dominikan Respublikası",
      "Efiopiya",
      "Ekvador",
      "Ekvatorial Qvineya",
      "Eritreya",
      "Ermənistan",
      "Estoniya",
      "Əfqanıstan",
      "Əlcəzair",
      "Farer adaları",
      "Fələstin Dövləti",
      "Fici",
      "Kot-d’İvuar",
      "Filippin",
      "Finlandiya",
      "Folklend adaları",
      "Fransa",
      "Fransa Polineziyası",
      "Gernsi",
      "Gürcüstan",
      "Haiti",
      "Hindistan",
      "Honduras",
      "Honkonq",
      "Xorvatiya",
      "İndoneziya",
      "İordaniya",
      "İraq",
      "İran",
      "İrlandiya",
      "İslandiya",
      "İspaniya",
      "İsrail",
      "İsveç",
      "İsveçrə",
      "İtaliya",
      "Kabo-Verde",
      "Kamboca",
      "Kamerun",
      "Kanada",
      "Kayman adaları",
      "Keniya",
      "Kipr",
      "Kiribati",
      "Kokos adaları",
      "Kolumbiya",
      "Komor adaları",
      "Konqo Respublikası",
      "KDR",
      "Kosovo",
      "Kosta-Rika",
      "Kuba",
      "Kuk adaları",
      "Küveyt",
      "Qabon",
      "Qambiya",
      "Qana",
      "Qətər",
      "Qayana",
      "Qazaxıstan",
      "Qərbi Sahara",
      "Qırğızıstan",
      "Qrenada",
      "Qrenlandiya",
      "Quam",
      "Qvatemala",
      "Qvineya",
      "Qvineya-Bisau",
      "Laos",
      "Latviya",
      "Lesoto",
      "Liberiya",
      "Litva",
      "Livan",
      "Liviya",
      "Lixtenşteyn",
      "Lüksemburq",
      "Macarıstan",
      "Madaqaskar",
      "Makao",
      "Makedoniya",
      "Malavi",
      "Malayziya",
      "Maldiv adaları",
      "Mali",
      "Malta",
      "Marşall adaları",
      "Mavriki",
      "Mavritaniya",
      "Mayotta",
      "Meksika",
      "Men adası",
      "Mərakeş",
      "MAR",
      "Mikroneziya",
      "Milad adası",
      "Misir",
      "Myanma",
      "Moldova",
      "Monako",
      "Monqolustan",
      "Montserrat",
      "Mozambik",
      "Müqəddəs Yelena, Askenson və Tristan-da-Kunya adaları",
      "Namibiya",
      "Nauru",
      "Nepal",
      "Niderland",
      "Niderland Antil adaları",
      "Niger",
      "Nigeriya",
      "Nikaraqua",
      "Niue",
      "Norfolk adası",
      "Norveç",
      "Oman",
      "Özbəkistan",
      "Pakistan",
      "Palau",
      "Panama",
      "Papua-Yeni Qvineya",
      "Paraqvay",
      "Peru",
      "Pitkern adaları",
      "Polşa",
      "Portuqaliya",
      "Prednestroviya",
      "Puerto-Riko",
      "Ruanda",
      "Rumıniya",
      "Rusiya",
      "Salvador",
      "Samoa",
      "San-Marino",
      "San-Tome və Prinsipi",
      "Seneqal",
      "Sen-Bartelemi",
      "Sent-Kits və Nevis",
      "Sent-Lüsiya",
      "Sen-Marten",
      "Sen-Pyer və Mikelon",
      "Sent-Vinsent və Qrenadina",
      "Serbiya",
      "Seyşel adaları",
      "Səudiyyə Ərəbistanı",
      "Sinqapur",
      "Slovakiya",
      "Sloveniya",
      "Solomon adaları",
      "Somali",
      "Somalilend",
      "Sudan",
      "Surinam",
      "Suriya",
      "Svazilend",
      "Syerra-Leone",
      "Şərqi Timor",
      "Şimali Marian adaları",
      "Şpisbergen və Yan-Mayen",
      "Şri-Lanka",
      "Tacikistan",
      "Tanzaniya",
      "Tailand",
      "Çin Respublikası",
      "Törks və Kaykos adaları",
      "Tokelau",
      "Tonqa",
      "Toqo",
      "Trinidad və Tobaqo",
      "Tunis",
      "Tuvalu",
      "Türkiyə",
      "Türkmənistan",
      "Ukrayna",
      "Uollis və Futuna",
      "Uqanda",
      "Uruqvay",
      "Vanuatu",
      "Vatikan",
      "Venesuela",
      "Amerika Virgin adaları",
      "Britaniya Virgin adaları",
      "Vyetnam",
      "Yamayka",
      "Yaponiya",
      "Yeni Kaledoniya",
      "Yeni Zelandiya",
      "Yəmən",
      "Yunanıstan",
      "Zambiya",
      "Zimbabve"
    ],
    "building_number": [
      "###"
    ],
    "street_suffix": [
      "küç.",
      "küçəsi",
      "prospekti",
      "pr.",
      "sahəsi",
      "sh."
    ],
    "secondary_address": [
      "m. ###"
    ],
    "postcode": [
      "AZ####"
    ],
    "state": [],
    "street_title": [
      "Abbas Fətullayev",
      "Abbas Mirzə Şərifzadə",
      "Abbas Səhhət",
      "Abdulla Şaiq",
      "Afiyəddin Cəlilov",
      "Axundov",
      "Ağa Nemətulla",
      "Ağadadaş Qurbanov",
      "Akademik Həsən Əliyev",
      "Akademik Lətif İmanov",
      "Alı Mustafayev",
      "Almas İldırım",
      "Asəf Zeynallı",
      "Asif Əsədullayev",
      "Aşıq Alı",
      "Aşıq Ələsgər",
      "Azadlıq prospekti",
      "Bakıxanov",
      "Balababa Məcidov",
      "Balaəmi Dadaşov",
      "Behbud Şaxtantinski",
      "Bəkir Çobanzadə",
      "Bəsti Bağırova",
      "Bəşir Səfəroğlu",
      "Böyük Qala",
      "Cabir Əliyev",
      "Camal Hacıəliyev",
      "Cavadxan",
      "Cavanşir",
      "Ceyhun Səlimov",
      "Ceyhunbəy Hacıbəyli",
      "Cəbiyev",
      "Cəfər Xəndan",
      "Cəfər Cabbarlı",
      "Cəlal Qurbanov",
      "Cəlil Məmmədquluzadə",
      "Çingiz Mustafayev",
      "Çobanzadə",
      "Dadaş Bünyadzadə",
      "Dağlı Yunus",
      "Dilarə Əliyeva",
      "Elçin Əzimov",
      "Eldar və Abdulla Əlibəyovlar",
      "Elxan Həsənov",
      "Elşən Mehdiyev",
      "Elşən Süleymanov",
      "Etibar Bəkirov",
      "Əbdüləzəl Dəmirçizadə",
      "Əbdülhəsən Anaplı",
      "Əbdülkərim Əlizadə",
      "Əhməd bəy Ağaoğlu",
      "Əhməd Cavad",
      "Əhməd Cəmil",
      "Əhməd Mehbalıyev",
      "Əhməd Rəcəbli",
      "Əjdər Xanbabayev",
      "Əkrəm Cəfərov",
      "Ələsgər Qayıbov",
      "Əliağa Vahid",
      "Əli Bəy Hüseynzadə",
      "Əlimərdan bəy Topçubaşov",
      "Əliyar Əliyev",
      "Əlövsət Abdulrəhimov",
      "Əlövsət Quliyev",
      "Əmir Bağırov",
      "Əsəd Əhmədov",
      "Əşrəf Yunusov",
      "Əzim Əzimzadə",
      "Əziz Əliyev",
      "Heybət Heybətov",
      "Həqiqət Rzayeva",
      "Həmid Araslı",
      "Hənifə Ələsgərova",
      "Hərbçilər",
      "Həsənoğu",
      "Həsən Seyidbəyli",
      "Hətəm Allahverdiyev",
      "Həzi Aslanov",
      "Hüsü Hacıyev",
      "Hüseynqulu Sarabski",
      "Fətəli xan Xoyski",
      "Fəzail Bayramov",
      "Fikrət Əmirov",
      "Fuad İbrahimbəyov",
      "Fuad Yusifov",
      "General Əliağa Şıxlinski",
      "Gülayə Qədirbəyova",
      "Gənclik",
      "Xaqani",
      "Xan Şuşinski",
      "Xanlar",
      "Xudu Məmmədov",
      "İbrahimpaşa Dadaşov",
      "İdris Süleymanov",
      "İlqar Abbasov",
      "İlqar İsmayılov",
      "İmran Qasımov",
      "İnqilab İsmayılov",
      "İsfəndiyar Zülalov",
      "İslam Abışov",
      "İslam Səfərli",
      "İsmayıl bəy Qutqaşınlı",
      "İsmayıl Mirzəgülov",
      "İstiqlaliyyət",
      "28 May",
      "İsgəndərov",
      "İvan Turgenev",
      "İzmir",
      "İzzət Həmidov",
      "İzzət Orucova",
      "Kamal Rəhimov",
      "Kazım Kazımzadə",
      "Kazımağa Kərimov",
      "Kərəm İsmayılov",
      "Kiçik Qala",
      "Koroğlu Rəhimov",
      "Qaçaq Nəbi",
      "Qarabağ",
      "Qədirbəyov",
      "Qəzənfər Musabəyov",
      "Qəzənfər Vəliyev",
      "Leyla Məmmədbəyova",
      "Mahmud İbrahimov",
      "Malik Məmmədov",
      "Mehdi Abbasov",
      "Mehdi Mehdizadə",
      "Məhəmməd Əmin Rəsulzadə",
      "Məhəmməd Hadi",
      "Məhəmməd Xiyabani",
      "Məhəmməd ibn Hinduşah Naxçıvani",
      "Məhsəti Gəncəvi",
      "Məmmədyarov",
      "Mərdanov qardaşları",
      "Mətləb Ağayev",
      "Məşədi Hilal",
      "Məzahir Rüstəmov",
      "Mikayıl Müşviq",
      "Mingəçevir",
      "Mirəli Qaşqay",
      "Mirəli Seyidov",
      "Mirzağa Əliyev",
      "Mirzə İbrahimov",
      "Mirzə Mənsur",
      "Mirzə Mustafayev",
      "Murtuza Muxtarov",
      "Mustafa Topçubaşov",
      "Müqtədir Aydınbəyov",
      "Müslüm Maqomayev",
      "Müzəffər Həsənov",
      "Nabat Aşurbəyova",
      "Naxçıvani",
      "Naximov",
      "Nazim İsmaylov",
      "Neapol",
      "Neftçi Qurban Abbasov",
      "Neftçilər prospekti",
      "Nəcəfbəy Vəzirov",
      "Nəcəfqulu Rəfiyev",
      "Nəriman Nərimanov",
      "Nəsirəddin Tusi",
      "Nigar Rəfibəyli",
      "Niyazi",
      "Nizami",
      "Nizami Abdullayev",
      "Nobel prospekti",
      "Novruz",
      "Novruzov qardaşları",
      "Oqtay Vəliyev",
      "Parlament",
      "Puşkin",
      "Rafiq Ağayev",
      "Ramiz Qəmbərov",
      "Rəşid Behbudov",
      "Rəşid Məcidov",
      "Ruhulla Axundov",
      "Ruslan Allahverdiyev",
      "Rüstəm Rüstəmov",
      "Tahir Bağırov",
      "Tarzan Hacı Məmmədov",
      "Tbilisi prospekti",
      "Təbriz (Bakı)",
      "Təbriz Xəlilbəyli",
      "Tofiq Məmmədov",
      "Tolstoy",
      "Sabit Orucov",
      "Sabit Rəhman",
      "Sahib Hümmətov",
      "Salatın Əsgərova",
      "Sarayevo",
      "Seyid Əzim Şirvani",
      "Seyid Şuşinski",
      "Seyidov",
      "Səməd bəy Mehmandarov",
      "Səməd Vurğun",
      "Səttar Bəhlulzadə",
      "Sona xanım Vəlixanlı",
      "Sübhi Salayev",
      "Süleyman Əhmədov",
      "Süleyman Rəhimov",
      "Süleyman Rüstəm",
      "Süleyman Sani Axundov",
      "Süleyman Vəzirov",
      "Şahin Səmədov",
      "Şamil Əzizbəyov",
      "Şamil Kamilov",
      "Şeyx Şamil",
      "Şəfayət Mehdiyev",
      "Şəmsi Bədəlbəyli",
      "Şirin Mirzəyev",
      "Şıxəli Qurbanov",
      "Şövkət Ələkbərova",
      "Ülvi Bünyadzadə",
      "Üzeyir Hacıbəyov",
      "Vasif Əliyev",
      "Vəli Məmmədov",
      "Vladislav Plotnikov",
      "Vüqar Quliyev",
      "Vunq Tau",
      "Yaqub Əliyev",
      "Yaşar Abdullayev",
      "Yaşar Əliyev",
      "Yavər Əliyev",
      "Yesenin",
      "Yəhya Hüseynov",
      "Yılmaz Axundzadə",
      "Yüsif Eyvazov",
      "Yusif Qasımov",
      "Yusif Məmmədəliyev",
      "Yusif Səfərov",
      "Yusif Vəzir Çəmənzəminli",
      "Zahid Əliyev",
      "Zahid Xəlilov",
      "Zaur Kərimov",
      "Zavod",
      "Zərgərpalan"
    ],
    "city_name": [
      "Ağcabədi",
      "Ağdam",
      "Ağdaş",
      "Ağdərə",
      "Ağstafa",
      "Ağsu",
      "Astara",
      "Bakı",
      "Balakən",
      "Beyləqan",
      "Bərdə",
      "Biləsuvar",
      "Cəbrayıl",
      "Cəlilabad",
      "Culfa",
      "Daşkəsən",
      "Dəliməmmədli",
      "Füzuli",
      "Gədəbəy",
      "Gəncə",
      "Goranboy",
      "Göyçay",
      "Göygöl",
      "Göytəpə",
      "Hacıqabul",
      "Horadiz",
      "Xaçmaz",
      "Xankəndi",
      "Xocalı",
      "Xocavənd",
      "Xırdalan",
      "Xızı",
      "Xudat",
      "İmişli",
      "İsmayıllı",
      "Kəlbəcər",
      "Kürdəmir",
      "Qax",
      "Qazax",
      "Qəbələ",
      "Qobustan",
      "Qovlar",
      "Quba",
      "Qubadlı",
      "Qusar",
      "Laçın",
      "Lerik",
      "Lənkəran",
      "Liman",
      "Masallı",
      "Mingəçevir",
      "Naftalan",
      "Naxçıvan (şəhər)",
      "Neftçala",
      "Oğuz",
      "Ordubad",
      "Saatlı",
      "Sabirabad",
      "Salyan",
      "Samux",
      "Siyəzən",
      "Sumqayıt",
      "Şabran",
      "Şahbuz",
      "Şamaxı",
      "Şəki",
      "Şəmkir",
      "Şərur",
      "Şirvan",
      "Şuşa",
      "Tərtər",
      "Tovuz",
      "Ucar",
      "Yardımlı",
      "Yevlax",
      "Zaqatala",
      "Zəngilan",
      "Zərdab"
    ],
    "city": [
      "#{Address.city_name}"
    ],
    "street_name": [
      "#{street_suffix} #{Address.street_title}",
      "#{Address.street_title} #{street_suffix}"
    ],
    "street_address": [
      "#{street_name}, #{building_number}"
    ],
    "default_country": [
      "Azərbaycan"
    ]
  },
  "internet": {
    "free_email": [
      "box.az",
      "mail.az",
      "gmail.com",
      "yahoo.com",
      "hotmail.com"
    ],
    "domain_suffix": [
      "com",
      "az",
      "com.az",
      "info",
      "net",
      "org"
    ]
  },
  "name": {
    "male_first_name": [
      "Anar",
      "Amid",
      "Afəl",
      "Abbas",
      "Abdulla",
      "Adil",
      "Akif",
      "Aqil",
      "Bəhram",
      "Nurlan",
      "Rafiq",
      "Tərlan",
      "Zaur",
      "Emin",
      "Emil",
      "Kamran",
      "Elnur",
      "Natiq",
      "Rəşad",
      "Rəşid",
      "Tahir",
      "Əhməd",
      "Zahir",
      "İlham",
      "İlqar",
      "Nahid",
      "Nihad",
      "Faiq",
      "İxtiyar",
      "Şəhriyar",
      "Şaiq",
      "Bəxtiyar",
      "Bəhruz",
      "Tunar",
      "Nadir"
    ],
    "male_last_name": [
      "Əhmədov",
      "Ələkbərov",
      "Əliyev",
      "Vəliyev",
      "Soltanov",
      "Quliyev",
      "Məmmədov",
      "Xəlilov",
      "Nəzərov",
      "Rəhimov"
    ],
    "female_first_name": [
      "Anna",
      "Adeliya",
      "Afaq",
      "Afət",
      "Afərim",
      "Aidə",
      "Aygün",
      "Aynur",
      "Alsu",
      "Ayan",
      "Aytən",
      "Aygül",
      "Aydan",
      "Aylin",
      "Bahar",
      "Banu",
      "Bəyaz",
      "Billurə",
      "Cansu",
      "Ceyla",
      "Damla",
      "Dəniz",
      "Diana",
      "Dilarə",
      "Ella",
      "Elza",
      "Elyanora",
      "Ellada",
      "Elvira",
      "Elnarə",
      "Esmira",
      "Estella",
      "Fatimə",
      "Fəxriyyə",
      "Fərəh",
      "Fərqanə",
      "Fidan",
      "Firuzə",
      "Gövhər",
      "Günay",
      "Gülay",
      "Gülçin",
      "Gülər",
      "Gülsüm",
      "Humay",
      "Hüriyə",
      "Hülya",
      "Jalə",
      "Jasmin",
      "Kübra",
      "Ləman",
      "Lamiyə",
      "Lalə",
      "Liliya",
      "Laura",
      "Leyla",
      "Maya",
      "Mehriban",
      "Mələk",
      "Nuray",
      "Nurgün",
      "Nərgiz",
      "Nigar",
      "Ofelya",
      "Pəri",
      "Röya",
      "Səbinə",
      "Selcan",
      "Tansu",
      "Tuba",
      "Ülviyyə",
      "Ulduz",
      "Ülkər"
    ],
    "female_last_name": [
      "Qasımova",
      "Əfəndiyeva",
      "Soltanova",
      "Abdullayeva",
      "Rəşidova",
      "Ələkbərova",
      "Əliyeva",
      "Tahirova",
      "Seyidova",
      "Vəsiyeva"
    ],
    "prefix": [],
    "suffix": [],
    "name": [
      "#{male_first_name}",
      "#{male_last_name} #{male_first_name}",
      "#{male_first_name} #{male_last_name}",
      "#{female_first_name}",
      "#{female_first_name} #{female_last_name}",
      "#{female_last_name} #{female_first_name}"
    ]
  },
  "phone_number": {
    "formats": [
      "(9##)###-##-##"
    ]
  },
  "commerce": {
    "color": [
      "ala",
      "açıq bənövşəyi",
      "ağ",
      "mavi",
      "boz",
      "bənövşəyi",
      "göy rəng",
      "gümüşü",
      "kardinal",
      "narıncı",
      "qara",
      "qırmızı",
      "qəhvəyi",
      "tünd göy",
      "tünd qırmızı",
      "xlorofil",
      "yaşıl",
      "çəhrayı"
    ],
    "department": [
      "Kitablar",
      "Filmlər",
      "musiqi",
      "oyunlar",
      "Elektronika",
      "Kompyuterlər",
      "Ev",
      "садинструмент",
      "Səhiyyə",
      "gözəllik",
      "Oyuncaqlar",
      "uşaq üçün",
      "Geyim",
      "Ayyaqqabı",
      "bəzək",
      "İdman",
      "turizm",
      "Avtomobil"
    ],
    "product_name": {
      "adjective": [
        "Balaca",
        "Ergonomik",
        "Kobud",
        "İntellektual",
        "Möhtəşəm",
        "İnanılmaz",
        "Fantastik",
        "Əlverişli",
        "Parlaq",
        "Mükəmməl"
      ],
      "material": [
        "Polad",
        "Ağac",
        "Beton",
        "Plastik",
        "Pambıq",
        "Qranit",
        "Rezin"
      ],
      "product": [
        "Stul",
        "Avtomobil",
        "Kompyuter",
        "Beret",
        "Kulon",
        "Stol",
        "Sviter",
        "Kəmər"
      ]
    }
  },
  "company": {
    "prefix": [
      "ASC",
      "MMC",
      "QSC"
    ],
    "suffix": [
      "Qrup",
      "Holdinqlər"
    ],
    "name": [
      "#{prefix} #{Name.female_first_name}",
      "#{prefix} #{Name.male_first_name}",
      "#{prefix} #{Name.male_last_name}",
      "#{prefix} #{suffix}#{suffix}",
      "#{prefix} #{suffix}#{suffix}#{suffix}",
      "#{prefix} #{Address.city_name}#{suffix}",
      "#{prefix} #{Address.city_name}#{suffix}#{suffix}",
      "#{prefix} #{Address.city_name}#{suffix}#{suffix}#{suffix}"
    ]
  },
  "date": {
    "month": {
      "wide": [
        "yanvar",
        "fevral",
        "mart",
        "aprel",
        "may",
        "iyun",
        "iyul",
        "avqust",
        "sentyabr",
        "oktyabr",
        "noyabr",
        "dekabr"
      ],
      "wide_context": [
        "января",
        "февраля",
        "марта",
        "апреля",
        "мая",
        "июня",
        "июля",
        "августа",
        "сентября",
        "октября",
        "ноября",
        "декабря"
      ],
      "abbr": [
        "янв.",
        "февр.",
        "март",
        "апр.",
        "май",
        "июнь",
        "июль",
        "авг.",
        "сент.",
        "окт.",
        "нояб.",
        "дек."
      ],
      "abbr_context": [
        "янв.",
        "февр.",
        "марта",
        "апр.",
        "мая",
        "июня",
        "июля",
        "авг.",
        "сент.",
        "окт.",
        "нояб.",
        "дек."
      ]
    },
    "weekday": {
      "wide": [
        "Bazar",
        "Bazar ertəsi",
        "Çərşənbə axşamı",
        "Çərşənbə",
        "Cümə axşamı",
        "Cümə",
        "Şənbə"
      ],
      "wide_context": [
        "воскресенье",
        "понедельник",
        "вторник",
        "среда",
        "четверг",
        "пятница",
        "суббота"
      ],
      "abbr": [
        "Ba",
        "BE",
        "ÇA",
        "Çə",
        "CA",
        "Cü",
        "Şə"
      ],
      "abbr_context": [
        "вс",
        "пн",
        "вт",
        "ср",
        "чт",
        "пт",
        "сб"
      ]
    }
  }
}