{
  "title": "English (Canada)",
  "address": {
    "state": [
      "Alberta",
      "British Columbia",
      "Manitoba",
      "New Brunswick",
      "Newfoundland and Labrador",
      "Nova Scotia",
      "Northwest Territories",
      "Nunavut",
      "Ontario",
      "Prince Edward Island",
      "Quebec",
      "Saskatchewan",
      "Yukon"
    ],
    "state_abbr": [
      "AB",
      "BC",
      "MB",
      "NB",
      "NL",
      "NS",
      "NU",
      "NT",
      "ON",
      "PE",
      "QC",
      "SK",
      "YT"
    ],
    "default_country": [
      "Canada"
    ],
    "postcode": [
      "A#? #?#",
      "B#? #?#",
      "C#? #?#",
      "E#? #?#",
      "G#? #?#",
      "H#? #?#",
      "J#? #?#",
      "K#? #?#",
      "L#? #?#",
      "M#? #?#",
      "N#? #?#",
      "P#? #?#",
      "R#? #?#",
      "S#? #?#",
      "T#? #?#",
      "V#? #?#",
      "X#? #?#",
      "Y#? #?#"
    ]
  },
  "internet": {
    "free_email": [
      "gmail.com",
      "yahoo.ca",
      "hotmail.com"
    ],
    "domain_suffix": [
      "ca",
      "com",
      "biz",
      "info",
      "name",
      "net",
      "org"
    ]
  },
  "phone_number": {
    "formats": [
      "!##-!##-####",
      "(!##)!##-####",
      "!##.!##.####",
      "1-!##-###-####",
      "!##-!##-#### x###",
      "(!##)!##-#### x###",
      "1-!##-!##-#### x###",
      "!##.!##.#### x###",
      "!##-!##-#### x####",
      "(!##)!##-#### x####",
      "1-!##-!##-#### x####",
      "!##.!##.#### x####",
      "!##-!##-#### x#####",
      "(!##)!##-#### x#####",
      "1-!##-!##-#### x#####",
      "!##.!##.#### x#####"
    ]
  }
}