{
  "title": "Farsi",
  "name": {
    "male_first_name": [
      "علی",
      "حسن",
      "محمد",
      "مهدی",
      "مسعود",
      "دانیال",
      "سجاد",
      "امیر",
      "رضا",
      "مازیار",
      "مهیار",
      "محمدرضا",
      "فرهاد",
      "افشین",
      "مهرداد",
      "مهراد",
      "کیانوش",
      "کیوان",
      "کامران",
      "مهران",
      "سروش",
      "سامان",
      "هادی",
      "همایون",
      "ایمان",
      "رامین",
      "رامتین",
      "امین",
      "سپهر",
      "سهیل",
      "عرفان",
      "جواد",
      "نیما",
      "پرهام",
      "میلاد",
      "شایان",
      "شهاب",
      "کاوه",
      "بهمن",
      "سیاوش",
      "سعید",
      "امید",
      "حسین",
      "سینا",
      "مهدیار",
      "صدرا",
      "عباس",
      "امیرسینا",
      "نوید",
      "پیمان",
      "پژمان",
      "مجید",
      "حمید",
      "وحید",
      "علیرضا",
      "آیدین",
      "آرمان",
      "امیرحسین",
      "آرین",
      "کسرا",
      "جمشید",
      "فریبرز",
      "قاسم",
      "صمد",
      "حامد",
      "فرزاد",
      "فریدون",
      "فربد",
      "فرگام",
      "یاسین",
      "آرش",
      "آرمین",
      "شهروز"
    ],
    "female_first_name": [
      "مریم",
      "نازنین",
      "غزاله",
      "محدثه",
      "بهناز",
      "زینب",
      "کیمیا",
      "سوسن",
      "لاله",
      "آنا",
      "آناهیتا",
      "آنیتا",
      "آرمیتا",
      "آتوسا",
      "آیدا",
      "بنفشه",
      "بهار",
      "بیتا",
      "پارمیس",
      "پریناز",
      "پریسا",
      "پرنیان",
      "سارا",
      "پگاه",
      "ترانه",
      "چکاوک",
      "دریا",
      "درسا",
      "فرشته",
      "ملیسا",
      "ملیکا",
      "رویا",
      "زیبا",
      "یاسمن",
      "سپیده",
      "سمیرا",
      "سیما",
      "شادی",
      "هانیه",
      "شهرزاد",
      "شکوه",
      "سمیه",
      "شهلا",
      "شیدا",
      "شیوا",
      "فرانک",
      "فرزانه",
      "فرناز",
      "فریبا",
      "فریماه",
      "کتایون",
      "گلاره",
      "گیتی",
      "گیسو",
      "مروارید",
      "مهرناز",
      "مهسا",
      "مینا",
      "مینو",
      "مهوش",
      "میترا",
      "نگین",
      "نگار",
      "نیلوفر",
      "رز",
      "هلیا",
      "هستی"
    ],
    "first_name": [
      "آبان دخت",
      "آبتین",
      "آتوسا",
      "آفر",
      "آفره دخت",
      "آذرنوش‌",
      "آذین",
      "آراه",
      "آرزو",
      "آرش",
      "آرتین",
      "آرتام",
      "آرتمن",
      "آرشام",
      "آرمان",
      "آرمین",
      "آرمیتا",
      "آریا فر",
      "آریا",
      "آریا مهر",
      "آرین",
      "آزاده",
      "آزرم",
      "آزرمدخت",
      "آزیتا",
      "آناهیتا",
      "آونگ",
      "آهو",
      "آیدا",
      "اختر",
      "ارد",
      "اردشیر",
      "اردوان",
      "ارژن",
      "ارژنگ",
      "ارسلان",
      "ارغوان",
      "ارمغان",
      "ارنواز",
      "اروانه",
      "استر",
      "اسفندیار",
      "اشکان",
      "اشکبوس",
      "افسانه",
      "افسون",
      "افشین",
      "امید",
      "آنوشا",
      "انوشروان",
      "اورنگ",
      "اوژن",
      "اوستا",
      "اهورا",
      "ایاز",
      "ایران",
      "ایراندخت",
      "ایرج",
      "ایزدیار",
      "بابک",
      "باپوک",
      "باربد",
      "بارمان",
      "بامداد",
      "بامشاد",
      "بانو",
      "بختیار",
      "برانوش",
      "بردیا",
      "برزو",
      "برزویه",
      "برزین",
      "برمک",
      "بزرگمهر",
      "بنفشه",
      "بوژان",
      "بویان",
      "بهار",
      "بهارک",
      "بهاره",
      "بهتاش",
      "بهداد",
      "بهرام",
      "بهدیس",
      "بهرخ",
      "بهرنگ",
      "بهروز",
      "بهزاد",
      "بهشاد",
      "بهمن",
      "بهناز",
      "بهنام",
      "بهنود",
      "بهنوش",
      "بیتا",
      "بیژن",
      "پارسا",
      "پاکان",
      "پاکتن",
      "پاکدخت",
      "پانته آ",
      "پدرام",
      "پرتو",
      "پرشنگ",
      "پرتو",
      "پرستو",
      "پرویز",
      "پردیس",
      "پرهام",
      "پژمان",
      "پژوا",
      "پرنیا",
      "پشنگ",
      "پروانه",
      "پروین",
      "پری",
      "پریچهر",
      "پریدخت",
      "پریسا",
      "پرناز",
      "پریوش",
      "پریا",
      "پوپک",
      "پوران",
      "پوراندخت",
      "پوریا",
      "پولاد",
      "پویا",
      "پونه",
      "پیام",
      "پیروز",
      "پیمان",
      "تابان",
      "تاباندخت",
      "تاجی",
      "تارا",
      "تاویار",
      "ترانه",
      "تناز",
      "توران",
      "توراندخت",
      "تورج",
      "تورتک",
      "توفان",
      "توژال",
      "تیر داد",
      "تینا",
      "تینو",
      "جابان",
      "جامین",
      "جاوید",
      "جریره",
      "جمشید",
      "جوان",
      "جویا",
      "جهان",
      "جهانبخت",
      "جهانبخش",
      "جهاندار",
      "جهانگیر",
      "جهان بانو",
      "جهاندخت",
      "جهان ناز",
      "جیران",
      "چابک",
      "چالاک",
      "چاوش",
      "چوبین",
      "چهرزاد",
      "خاوردخت",
      "خداداد",
      "خدایار",
      "خرم",
      "خرمدخت",
      "خسرو",
      "خشایار",
      "خورشید",
      "دادمهر",
      "دارا",
      "داراب",
      "داریا",
      "داریوش",
      "دانوش",
      "داور‌",
      "دایان",
      "دریا",
      "دل آرا",
      "دل آویز",
      "دلارام",
      "دل انگیز",
      "دلبر",
      "دلبند",
      "دلربا",
      "دلشاد",
      "دلکش",
      "دلناز",
      "دلنواز",
      "دورشاسب",
      "دنیا",
      "دیااکو",
      "دیانوش",
      "دیبا",
      "دیبا دخت",
      "رابو",
      "رابین",
      "رادبانو",
      "رادمان",
      "رازبان",
      "راژانه",
      "راسا",
      "رامتین",
      "رامش",
      "رامشگر",
      "رامونا",
      "رامیار",
      "رامیلا",
      "رامین",
      "راویار",
      "رژینا",
      "رخپاک",
      "رخسار",
      "رخشانه",
      "رخشنده",
      "رزمیار",
      "رستم",
      "رکسانا",
      "روبینا",
      "رودابه",
      "روزبه",
      "روشنک",
      "روناک",
      "رهام",
      "رهی",
      "ریبار",
      "راسپینا",
      "زادبخت",
      "زاد به",
      "زاد چهر",
      "زاد فر",
      "زال",
      "زادماسب",
      "زاوا",
      "زردشت",
      "زرنگار",
      "زری",
      "زرین",
      "زرینه",
      "زمانه",
      "زونا",
      "زیبا",
      "زیبار",
      "زیما",
      "زینو",
      "ژاله",
      "ژالان",
      "ژیار",
      "ژینا",
      "ژیوار",
      "سارا",
      "سارک",
      "سارنگ",
      "ساره",
      "ساسان",
      "ساغر",
      "سام",
      "سامان",
      "سانا",
      "ساناز",
      "سانیار",
      "ساویز",
      "ساهی",
      "ساینا",
      "سایه",
      "سپنتا",
      "سپند",
      "سپهر",
      "سپهرداد",
      "سپیدار",
      "سپید بانو",
      "سپیده",
      "ستاره",
      "ستی",
      "سرافراز",
      "سرور",
      "سروش",
      "سرور",
      "سوبا",
      "سوبار",
      "سنبله",
      "سودابه",
      "سوری",
      "سورن",
      "سورنا",
      "سوزان",
      "سوزه",
      "سوسن",
      "سومار",
      "سولان",
      "سولماز",
      "سوگند",
      "سهراب",
      "سهره",
      "سهند",
      "سیامک",
      "سیاوش",
      "سیبوبه ‌",
      "سیما",
      "سیمدخت",
      "سینا",
      "سیمین",
      "سیمین دخت",
      "شاپرک",
      "شادی",
      "شادمهر",
      "شاران",
      "شاهپور",
      "شاهدخت",
      "شاهرخ",
      "شاهین",
      "شاهیندخت",
      "شایسته",
      "شباهنگ",
      "شب بو",
      "شبدیز",
      "شبنم",
      "شراره",
      "شرمین",
      "شروین",
      "شکوفه",
      "شکفته",
      "شمشاد",
      "شمین",
      "شوان",
      "شمیلا",
      "شورانگیز",
      "شوری",
      "شهاب",
      "شهبار",
      "شهباز",
      "شهبال",
      "شهپر",
      "شهداد",
      "شهرآرا",
      "شهرام",
      "شهربانو",
      "شهرزاد",
      "شهرناز",
      "شهرنوش",
      "شهره",
      "شهریار",
      "شهرزاد",
      "شهلا",
      "شهنواز",
      "شهین",
      "شیبا",
      "شیدا",
      "شیده",
      "شیردل",
      "شیرزاد",
      "شیرنگ",
      "شیرو",
      "شیرین دخت",
      "شیما",
      "شینا",
      "شیرین",
      "شیوا",
      "طوس",
      "طوطی",
      "طهماسب",
      "طهمورث",
      "غوغا",
      "غنچه",
      "فتانه",
      "فدا",
      "فراز",
      "فرامرز",
      "فرانک",
      "فراهان",
      "فربد",
      "فربغ",
      "فرجاد",
      "فرخ",
      "فرخ پی",
      "فرخ داد",
      "فرخ رو",
      "فرخ زاد",
      "فرخ لقا",
      "فرخ مهر",
      "فرداد",
      "فردیس",
      "فرین",
      "فرزاد",
      "فرزام",
      "فرزان",
      "فرزانه",
      "فرزین",
      "فرشاد",
      "فرشته",
      "فرشید",
      "فرمان",
      "فرناز",
      "فرنگیس",
      "فرنود",
      "فرنوش",
      "فرنیا",
      "فروتن",
      "فرود",
      "فروز",
      "فروزان",
      "فروزش",
      "فروزنده",
      "فروغ",
      "فرهاد",
      "فرهنگ",
      "فرهود",
      "فربار",
      "فریبا",
      "فرید",
      "فریدخت",
      "فریدون",
      "فریمان",
      "فریناز",
      "فرینوش",
      "فریوش",
      "فیروز",
      "فیروزه",
      "قابوس",
      "قباد",
      "قدسی",
      "کابان",
      "کابوک",
      "کارا",
      "کارو",
      "کاراکو",
      "کامبخت",
      "کامبخش",
      "کامبیز",
      "کامجو",
      "کامدین",
      "کامران",
      "کامراوا",
      "کامک",
      "کامنوش",
      "کامیار",
      "کانیار",
      "کاووس",
      "کاوه",
      "کتایون",
      "کرشمه",
      "کسری",
      "کلاله",
      "کمبوجیه",
      "کوشا",
      "کهبد",
      "کهرام",
      "کهزاد",
      "کیارش",
      "کیان",
      "کیانا",
      "کیانچهر",
      "کیاندخت",
      "کیانوش",
      "کیاوش",
      "کیخسرو",
      "کیقباد",
      "کیکاووس",
      "کیوان",
      "کیوان دخت",
      "کیومرث",
      "کیهان",
      "کیاندخت",
      "کیهانه",
      "گرد آفرید",
      "گردان",
      "گرشا",
      "گرشاسب",
      "گرشین",
      "گرگین",
      "گزل",
      "گشتاسب",
      "گشسب بانو",
      "گل",
      "گل آذین",
      "گل آرا‌",
      "گلاره",
      "گل افروز",
      "گلاله",
      "گل اندام",
      "گلاویز",
      "گلباد",
      "گلبار",
      "گلبام",
      "گلبان",
      "گلبانو",
      "گلبرگ",
      "گلبو",
      "گلبهار",
      "گلبیز",
      "گلپاره",
      "گلپر",
      "گلپری",
      "گلپوش",
      "گل پونه",
      "گلچین",
      "گلدخت",
      "گلدیس",
      "گلربا",
      "گلرخ",
      "گلرنگ",
      "گلرو",
      "گلشن",
      "گلریز",
      "گلزاد",
      "گلزار",
      "گلسا",
      "گلشید",
      "گلنار",
      "گلناز",
      "گلنسا",
      "گلنواز",
      "گلنوش",
      "گلی",
      "گودرز",
      "گوماتو",
      "گهر چهر",
      "گوهر ناز",
      "گیتی",
      "گیسو",
      "گیلدا",
      "گیو",
      "لادن",
      "لاله",
      "لاله رخ",
      "لاله دخت",
      "لبخند",
      "لقاء",
      "لومانا",
      "لهراسب",
      "مارال",
      "ماری",
      "مازیار",
      "ماکان",
      "مامک",
      "مانا",
      "ماندانا",
      "مانوش",
      "مانی",
      "مانیا",
      "ماهان",
      "ماهاندخت",
      "ماه برزین",
      "ماه جهان",
      "ماهچهر",
      "ماهدخت",
      "ماهور",
      "ماهرخ",
      "ماهزاد",
      "مردآویز",
      "مرداس",
      "مرزبان",
      "مرمر",
      "مریم",
      "مزدک",
      "مژده",
      "مژگان",
      "مستان",
      "مستانه",
      "مشکاندخت",
      "مشکناز",
      "مشکین دخت",
      "منیژه",
      "منوچهر",
      "مهبانو",
      "مهبد",
      "مه داد",
      "مهتاب",
      "مهدیس",
      "مه جبین",
      "مه دخت",
      "مهر آذر",
      "مهر آرا",
      "مهر آسا",
      "مهر آفاق",
      "مهر افرین",
      "مهرآب",
      "مهرداد",
      "مهر افزون",
      "مهرام",
      "مهران",
      "مهراندخت",
      "مهراندیش",
      "مهرانفر",
      "مهرانگیز",
      "مهرداد",
      "مهر دخت",
      "مهرزاده ‌",
      "مهرناز",
      "مهرنوش",
      "مهرنکار",
      "مهرنیا",
      "مهروز",
      "مهری",
      "مهریار",
      "مهسا",
      "مهستی",
      "مه سیما",
      "مهشاد",
      "مهشید",
      "مهنام",
      "مهناز",
      "مهنوش",
      "مهوش",
      "مهیار",
      "مهین",
      "مهین دخت",
      "میترا",
      "میخک",
      "مینا",
      "مینا دخت",
      "مینو",
      "مینودخت",
      "مینو فر",
      "نادر",
      "ناز آفرین",
      "نازبانو",
      "نازپرور",
      "نازچهر",
      "نازفر",
      "نازلی",
      "نازی",
      "نازیدخت",
      "نامور",
      "ناهید",
      "ندا",
      "نرسی",
      "نرگس",
      "نرمک",
      "نرمین",
      "نریمان",
      "نسترن",
      "نسرین",
      "نسرین دخت",
      "نسرین نوش",
      "نکیسا",
      "نگار",
      "نگاره",
      "نگارین",
      "نگین",
      "نوا",
      "نوش",
      "نوش آذر",
      "نوش آور",
      "نوشا",
      "نوش آفرین",
      "نوشدخت",
      "نوشروان",
      "نوشفر",
      "نوشناز",
      "نوشین",
      "نوید",
      "نوین",
      "نوین دخت",
      "نیشا",
      "نیک بین",
      "نیک پی",
      "نیک چهر",
      "نیک خواه",
      "نیکداد",
      "نیکدخت",
      "نیکدل",
      "نیکزاد",
      "نیلوفر",
      "نیما",
      "وامق",
      "ورجاوند",
      "وریا",
      "وشمگیر",
      "وهرز",
      "وهسودان",
      "ویدا",
      "ویس",
      "ویشتاسب",
      "ویگن",
      "هژیر",
      "هخامنش",
      "هیربد",
      "هرمز",
      "همایون",
      "هما",
      "همادخت",
      "همدم",
      "همراز",
      "همراه",
      "هنگامه",
      "هوتن",
      "هور",
      "هورتاش",
      "هورچهر",
      "هورداد",
      "هوردخت",
      "هورزاد",
      "هورمند",
      "هوروش",
      "هوشنگ",
      "هوشیار",
      "هومان",
      "هومن",
      "هونام",
      "هویدا",
      "هیتاسب",
      "هیرمند",
      "هیما",
      "هیوا",
      "یادگار",
      "یاسمن",
      "یاشار",
      "یاور",
      "یزدان",
      "یگانه",
      "یوشیتا"
    ],
    "last_name": [
      "عارف",
      "عاشوری",
      "عالی",
      "عبادی",
      "عبدالکریمی",
      "عبدالملکی",
      "عراقی",
      "عزیزی",
      "عصار",
      "عقیلی",
      "علم",
      "علم‌الهدی",
      "علی عسگری",
      "علی‌آبادی",
      "علیا",
      "علی‌پور",
      "علی‌زمانی",
      "عنایت",
      "غضنفری",
      "غنی",
      "فارسی",
      "فاطمی",
      "فانی",
      "فتاحی",
      "فرامرزی",
      "فرج",
      "فرشیدورد",
      "فرمانفرمائیان",
      "فروتن",
      "فرهنگ",
      "فریاد",
      "فنایی",
      "فنی‌زاده",
      "فولادوند",
      "فهمیده",
      "قاضی",
      "قانعی",
      "قانونی",
      "قمیشی",
      "قنبری",
      "قهرمان",
      "قهرمانی",
      "قهرمانیان",
      "قهستانی",
      "کاشی",
      "کاکاوند",
      "کامکار",
      "کاملی",
      "کاویانی",
      "کدیور",
      "کردبچه",
      "کرمانی",
      "کریمی",
      "کلباسی",
      "کمالی",
      "کوشکی",
      "کهنمویی",
      "کیان",
      "کیانی (نام خانوادگی)",
      "کیمیایی",
      "گل محمدی",
      "گلپایگانی",
      "گنجی",
      "لاجوردی",
      "لاچینی",
      "لاهوتی",
      "لنکرانی",
      "لوکس",
      "مجاهد",
      "مجتبایی",
      "مجتبوی",
      "مجتهد شبستری",
      "مجتهدی",
      "مجرد",
      "محجوب",
      "محجوبی",
      "محدثی",
      "محمدرضایی",
      "محمدی",
      "مددی",
      "مرادخانی",
      "مرتضوی",
      "مستوفی",
      "مشا",
      "مصاحب",
      "مصباح",
      "مصباح‌زاده",
      "مطهری",
      "مظفر",
      "معارف",
      "معروف",
      "معین",
      "مفتاح",
      "مفتح",
      "مقدم",
      "ملایری",
      "ملک",
      "ملکیان",
      "منوچهری",
      "موحد",
      "موسوی",
      "موسویان",
      "مهاجرانی",
      "مهدی‌پور",
      "میرباقری",
      "میردامادی",
      "میرزاده",
      "میرسپاسی",
      "میزبانی",
      "ناظری",
      "نامور",
      "نجفی",
      "ندوشن",
      "نراقی",
      "نعمت‌زاده",
      "نقدی",
      "نقیب‌زاده",
      "نواب",
      "نوبخت",
      "نوبختی",
      "نهاوندی",
      "نیشابوری",
      "نیلوفری",
      "واثقی",
      "واعظ",
      "واعظ‌زاده",
      "واعظی",
      "وکیلی",
      "هاشمی",
      "هاشمی رفسنجانی",
      "هاشمیان",
      "هامون",
      "هدایت",
      "هراتی",
      "هروی",
      "همایون",
      "همت",
      "همدانی",
      "هوشیار",
      "هومن",
      "یاحقی",
      "یادگار",
      "یثربی",
      "یلدا"
    ],
    "prefix": [
      "آقای",
      "خانم",
      "دکتر"
    ],
    "title": {
      "descriptor": [
        "رهبر",
        "ارشد",
        "مستقیم",
        "پویا",
        "آینده",
        "محصول",
        "ملی",
        "منطقه",
        "ناحیه",
        "مرکزی",
        "جهانی",
        "مشتری",
        "سرمایه گذار",
        "بین المللی",
        "میراث",
        "داخلی",
        "انسان",
        "رئیس",
        "مدیر اصلی"
      ],
      "level": [
        "راه حل ها",
        "برنامه",
        "نام تجاری",
        "امنیت",
        "پژوهش",
        "بازار یابی",
        "رهنمود",
        "پیاده سازی",
        "ادغام",
        "عملکرد",
        "واکنش",
        "الگو",
        "تدابیر",
        "شناسایی",
        "بازارها",
        "گروه ها",
        "بخش",
        "برنامه های کاربردی",
        "بهينه سازي",
        "عملیات",
        "زیر ساخت",
        "اینترانت",
        "ارتباطات",
        "وب",
        "کیفیت",
        "اطمینان",
        "پویایی",
        "حساب ها",
        "داده ها",
        "خلاقیت",
        "پیکربندی",
        "مسئوليت",
        "فعل و انفعالات",
        "عوامل",
        "قابلیت استفاده",
        "معیار"
      ],
      "job": [
        "کارگر ساده",
        "سرپرست کارگاه",
        "ناظر",
        "مهندس پروژه",
        "کارفرما",
        "مدیر",
        "سرپرست",
        "اموردفتری",
        "کارمند",
        "مسئول",
        "مدیرعامل",
        "رئیس هیئت مدیره",
        "عضو هیئت مدیره",
        "کارشناس",
        "مربی",
        "مدرس",
        "منشی",
        "فروشنده",
        "متصدی",
        "تکنسین",
        "استادکار",
        "نصاب",
        "حسابدار",
        "راننده",
        "نگهبان",
        "رئیس",
        "مهندس",
        "مدیرفروش",
        "کارشناس فنی",
        "مسئول فنی",
        "کارگر فنی",
        "بازاریاب",
        "کارپرداز",
        "خدمتگزار"
      ]
    }
  },
  "address": {
    "building_number": [
      "##",
      "#"
    ],
    "street_prefix": [
      "خیابان",
      "کوچه",
      "بن بست",
      "بلوار"
    ],
    "secondary_address": [
      "واحد #",
      "# طبقه"
    ],
    "postcode": [
      "#####-#####"
    ],
    "state": [
      "آذربایجان شرقی",
      "آذربایجان غربی",
      "اردبیل",
      "اصفهان",
      "البرز",
      "ایلام",
      "بوشهر",
      "تهران",
      "چهارمحال و بختیاری",
      "خراسان جنوبی",
      "خراسان رضوی",
      "خراسان شمالی",
      "خوزستان",
      "زنجان",
      "سمنان",
      "سیستان و بلوچستان",
      "فارس",
      "قزوین",
      "قم",
      "کردستان",
      "کرمان",
      "کرمانشاه",
      "کهگیلویه و بویراحمد",
      "گلستان",
      "گیلان",
      "لرستان",
      "مازندران",
      "مرکزی",
      "هرمزگان",
      "همدان",
      "یزد"
    ],
    "city_name": [
      "تهران",
      "مشهد",
      "اصفهان",
      "کرج",
      "تبریز",
      "شیراز",
      "اهواز",
      "قم",
      "کرمانشاه",
      "ارومیه",
      "رشت",
      "زاهدان",
      "کرمان",
      "اراک",
      "همدان",
      "یزد",
      "اردبیل",
      "بندرعباس",
      "اسلام‌شهر",
      "زنجان",
      "قزوین",
      "سنندج",
      "خرم‌آباد",
      "گرگان",
      "ساری",
      "ملارد",
      "قدس",
      "کاشان",
      "گلستان",
      "شهریار",
      "دزفول",
      "خمینی‌شهر",
      "بروجرد",
      "نیشابور",
      "سبزوار",
      "نجف‌آباد",
      "آمل",
      "بابل",
      "ورامین",
      "آبادان",
      "پاکدشت",
      "خوی",
      "ساوه",
      "بجنورد",
      "قائم‌شهر",
      "بوشهر",
      "قرچک",
      "سیرجان",
      "بیرجند",
      "ایلام"
    ],
    "city": [
      "#{city_name}"
    ],
    "street_suffix": [
      "آزادی",
      "آفریقا",
      "آذربایجان",
      "حقانی",
      "امیرکبیر",
      "اجاره دار",
      "اقبال لاهوری",
      "ابوذر",
      "قدس",
      "سباری",
      "فاطمی",
      "مالک اشتر",
      "نیایش",
      "دیباجی",
      "واعظی",
      "دستغیب",
      "موحد دانش",
      "کارگر شمالی",
      "استاد قریب",
      "یادگار امام",
      "دکتر چمران",
      "رسالت",
      "سمیه",
      "شهید مطهری",
      "هویزه",
      "دماوند",
      "توحید",
      "ستارخان",
      "کارون",
      "استادمعین",
      "رامین",
      "اندرزگو"
    ],
    "street_name": [
      "#{street_prefix} #{street_suffix}"
    ],
    "street_address": [
      "#{street_name}, پلاک #{building_number}",
      "#{street_name}, #{street_name}, پلاک #{building_number}"
    ],
    "default_country": [
      "ایران"
    ],
    "city_prefix": [
      "شمال",
      "شرق",
      "غرب",
      "جنوب",
      "جدید",
      "جزیره"
    ],
    "city_suffix": [
      "روستا",
      "شهر",
      "دهکده",
      "بندر",
      "دژ",
      "بندرگاه",
      "ناحیه"
    ],
    "country": [
      "چین",
      "هند",
      "ایالات متحده آمریکا",
      "اندونزی",
      "برزیل",
      "بنگلادش",
      "روسیه",
      "ژاپن",
      "پاکستان",
      "ویتنام",
      "نیجریه",
      "مکزیک",
      "اتیوپی",
      "آلمان",
      "فیلیپین",
      "تایلند",
      "جمهوری دموکراتیک کنگو",
      "میانمار",
      "بریتانیا",
      "فرانسه",
      "ترکیه",
      "ایران",
      "مصر",
      "کره جنوبی",
      "ایتالیا",
      "تانزانیا",
      "کلمبیا",
      "اسپانیا",
      "اوکراین",
      "کنیا",
      "کانادا",
      "آفریقای جنوبی",
      "لهستان",
      "اوگاندا",
      "آرژانتین",
      "ازبکستان",
      "پرو",
      "نپال",
      "ونزوئلا",
      "مالزی",
      "کره شمالی",
      "استرالیا",
      "غنا",
      "سودان",
      "مراکش",
      "تایوان",
      "الجزایر",
      "موزامبیک",
      "ماداگاسکار",
      "رومانی",
      "قزاقستان",
      "آنگولا",
      "عراق",
      "سریلانکا",
      "کامرون",
      "عربستان سعودی",
      "شیلی",
      "هلند",
      "ساحل عاج",
      "کامبوج",
      "افغانستان",
      "یمن",
      "اکوادور",
      "بورکینافاسو",
      "زامبیا",
      "سنگال",
      "مالاوی",
      "گینه",
      "پرتغال",
      "جمهوری چک",
      "کوبا",
      "بلژیک",
      "سوئد",
      "سوریه",
      "بلاروس",
      "سوئیس",
      "بولیوی",
      "یونان",
      "جمهوری دومینیکن",
      "هائیتی",
      "نیجر",
      "جمهوری آذربایجان",
      "امارات متحده عربی",
      "گواتمالا",
      "رواندا",
      "چاد",
      "مجارستان",
      "بوروندی",
      "پاپوآ گینه نو",
      "تونس",
      "زیمبابوه",
      "هنگ کنگ",
      "اتریش",
      "بنین",
      "هندوراس",
      "اسرائیل",
      "سومالی",
      "سنگاپور",
      "لائوس",
      "مالی",
      "پاراگوئه",
      "نیکاراگوئه",
      "اریتره",
      "جمهوری کنگو",
      "دانمارک",
      "السالوادور",
      "اسلواکی",
      "نروژ",
      "فنلاند",
      "توگو",
      "بلغارستان",
      "نیوزیلند",
      "کویت",
      "قرقیزستان",
      "ترکمنستان",
      "کاستاریکا",
      "تاجیکستان",
      "سیرالئون",
      "جمهوری ایرلند",
      "جمهوری آفریقای مرکزی",
      "گرجستان",
      "اردن",
      "کرواسی",
      "صربستان",
      "اروگوئه",
      "لیبی",
      "پاناما",
      "بوسنی و هرزگوین",
      "لبنان",
      "لیتوانی",
      "قطر",
      "ارمنستان",
      "لیبریا",
      "موریتانی",
      "بوتسوانا",
      "پورتوریکو",
      "جامائیکا",
      "مولداوی",
      "آلبانی",
      "مغولستان",
      "اردن",
      "لتونی",
      "عمان",
      "جمهوری مقدونیه",
      "اسلوونی",
      "نامیبیا",
      "لسوتو",
      "کوزوو",
      "گامبیا",
      "بحرین",
      "استونی",
      "موریس",
      "گینه بیسائو",
      "گابن",
      "ترینیداد و توباگو",
      "قبرس",
      "اسواتینی",
      "تیمور شرقی",
      "ماکائو",
      "نوار غزه",
      "پادشاهی بوتان",
      "فیجی",
      "گویان",
      "جیبوتی",
      "مونتهنگرو",
      "کومور",
      "لوکزامبورگ",
      "برونئی",
      "جزایر سلیمان",
      "باهاما",
      "کیپ ورد",
      "گینه استوایی",
      "مالت",
      "ایسلند",
      "سورینام",
      "مالدیو",
      "صحرای غربی",
      "باربادوس",
      "بلیز",
      "پلینزی فرانسه",
      "وانواتو",
      "کالدونیای جدید",
      "سنت لوسیا",
      "کوراسائو",
      "گوآم",
      "گرنادا",
      "سنت وینسنت و گرنادینها",
      "جرسی",
      "سائوتومه و پرنسیپ",
      "موناکو",
      "آروبا",
      "جزایر ویرجین ایالات متحده",
      "ساموآ",
      "جزیره من",
      "تونگا",
      "سیشل",
      "جزایر کیمن",
      "جزایر ماریانای شمالی",
      "برمودا",
      "آندورا",
      "لیختناشتاین",
      "جزایر فارو",
      "گرنزی",
      "آنتیگوا و باربودا",
      "گرینلند",
      "دومینیکا",
      "سنت مارتین",
      "سان مارینو",
      "سنت کیتس و نویس",
      "ساموای آمریکا",
      "سنت مارتین",
      "ایالات فدرال میکرونزی",
      "جزایر ویرجین انگلستان",
      "جبل طارق",
      "جزایر مارشال",
      "پالائو",
      "کیریباتی",
      "جزایر کوک",
      "آنگویلا",
      "جزایر فالکلند",
      "جزایر تورکس و کایکوس",
      "مونتسرات",
      "تووالو",
      "سنت پیر و ماژلان",
      "والیس و فوتونا",
      "واتیکان",
      "سینت هلینا",
      "سوالبارد",
      "جزیره نورفولک",
      "نیووی",
      "توکلائو",
      "جزایر پیتکرن"
    ],
    "country_code": [
      "AD",
      "AE",
      "AF",
      "AG",
      "AI",
      "AL",
      "AM",
      "AO",
      "AQ",
      "AR",
      "AS",
      "AT",
      "AU",
      "AW",
      "AX",
      "AZ",
      "BA",
      "BB",
      "BD",
      "BE",
      "BF",
      "BG",
      "BH",
      "BI",
      "BJ",
      "BL",
      "BM",
      "BN",
      "BO",
      "BQ",
      "BQ",
      "BR",
      "BS",
      "BT",
      "BV",
      "BW",
      "BY",
      "BZ",
      "CA",
      "CC",
      "CD",
      "CF",
      "CG",
      "CH",
      "CI",
      "CK",
      "CL",
      "CM",
      "CN",
      "CO",
      "CR",
      "CU",
      "CV",
      "CW",
      "CX",
      "CY",
      "CZ",
      "DE",
      "DJ",
      "DK",
      "DM",
      "DO",
      "DZ",
      "EC",
      "EE",
      "EG",
      "EH",
      "ER",
      "ES",
      "ET",
      "FI",
      "FJ",
      "FK",
      "FM",
      "FO",
      "FR",
      "GA",
      "GB",
      "GD",
      "GE",
      "GF",
      "GG",
      "GH",
      "GI",
      "GL",
      "GM",
      "GN",
      "GP",
      "GQ",
      "GR",
      "GS",
      "GT",
      "GU",
      "GW",
      "GY",
      "HK",
      "HM",
      "HN",
      "HR",
      "HT",
      "HU",
      "ID",
      "IE",
      "IL",
      "IM",
      "IN",
      "IO",
      "IQ",
      "IR",
      "IS",
      "IT",
      "JE",
      "JM",
      "JO",
      "JP",
      "KE",
      "KG",
      "KH",
      "KI",
      "KM",
      "KN",
      "KP",
      "KR",
      "KW",
      "KY",
      "KZ",
      "LA",
      "LB",
      "LC",
      "LI",
      "LK",
      "LR",
      "LS",
      "LT",
      "LU",
      "LV",
      "LY",
      "MA",
      "MC",
      "MD",
      "ME",
      "MF",
      "MG",
      "MH",
      "MK",
      "ML",
      "MM",
      "MN",
      "MO",
      "MP",
      "MQ",
      "MR",
      "MS",
      "MT",
      "MU",
      "MV",
      "MW",
      "MX",
      "MY",
      "MZ",
      "NA",
      "NC",
      "NE",
      "NF",
      "NG",
      "NI",
      "NL",
      "NO",
      "NP",
      "NR",
      "NU",
      "NZ",
      "OM",
      "PA",
      "PE",
      "PF",
      "PG",
      "PH",
      "PK",
      "PL",
      "PM",
      "PN",
      "PR",
      "PS",
      "PT",
      "PW",
      "PY",
      "QA",
      "RE",
      "RO",
      "RS",
      "RU",
      "RW",
      "SA",
      "SB",
      "SC",
      "SD",
      "SE",
      "SG",
      "SH",
      "SI",
      "SJ",
      "SK",
      "SL",
      "SM",
      "SN",
      "SO",
      "SR",
      "SS",
      "ST",
      "SV",
      "SX",
      "SY",
      "SZ",
      "TC",
      "TD",
      "TF",
      "TG",
      "TH",
      "TJ",
      "TK",
      "TL",
      "TM",
      "TN",
      "TO",
      "TR",
      "TT",
      "TV",
      "TW",
      "TZ",
      "UA",
      "UG",
      "UM",
      "US",
      "UY",
      "UZ",
      "VA",
      "VC",
      "VE",
      "VG",
      "VI",
      "VN",
      "VU",
      "WF",
      "WS",
      "YE",
      "YT",
      "ZA",
      "ZM",
      "ZW"
    ]
  },
  "phone_number": {
    "formats": [
      "021 ### #####",
      "031 ### #####",
      "041 ### #####",
      "045 ### #####",
      "061 ### #####",
      "051 ### #####",
      "058 ### #####",
      "028 ### #####",
      "026 ### #####",
      "044 ### #####",
      "024 ### #####",
      "023 ### #####",
      "076 ### #####",
      "+98 21 ### #####"
    ]
  },
  "lorem": {
    "words": [
      "لورم",
      "ایپسوم",
      "متن",
      "ساختگی",
      "با،",
      "تولید",
      "سادگی",
      "نامفهوم،",
      "از",
      "صنعت",
      "چاپ",
      "و با",
      "استفاده",
      "از",
      "طراحان",
      "گرافیک",
      "است",
      "چاپگرها",
      "و متون",
      "بلکه",
      "روزنامه.",
      "و مجله",
      "در",
      "ستون",
      "و سطر",
      "آنچنان",
      "که،",
      "لازم",
      "است",
      "و برای",
      "شرایط",
      "فعلی",
      "تکنولوژی",
      "مورد نیاز",
      "و کاربردهای",
      "متنوع",
      "با هدف",
      "بهبود",
      "ابزارهای کاربردی",
      "می باشد",
      "کتابهای",
      "زیادی",
      "در",
      "شصت و سه درصد",
      "گذشته",
      "حال",
      "و آینده",
      "شناخت",
      "فراوان",
      "جامعه",
      "و",
      "متخصصان",
      "را",
      "می طلبد",
      "تا با،",
      "نرم افزارها",
      "شناخت",
      "بیشتری را",
      "برای",
      "طراحان",
      "رایانه ای",
      "علی الخصوص ",
      "طراحان خلاقی",
      "و فرهنگ پیشرو",
      "در زبان فارسی ",
      "ایجاد",
      "کرد",
      "در این صورت",
      "می توان",
      "امید",
      "داشت",
      "که",
      "تمام",
      "و دشواری",
      "موجود",
      "در",
      "ارائه",
      "راهکارها",
      "و",
      "شرایط",
      "سخت",
      "تایپ",
      "به پایان",
      " و زمان",
      "مورد نیاز",
      "شامل",
      "حروفچینی",
      "دستاوردهای",
      "اصلی",
      "و",
      "جوابگوی",
      "سوالات",
      "پیوسته",
      "اهل",
      "دنیای",
      "موجود",
      "طراحی",
      "اساسا",
      "مورد",
      "استفاده",
      "قرار گیرد"
    ]
  },
  "cell_phone": {
    "formats": [
      "0912 ### ####",
      "0911 ### ####",
      "0919 ### ####",
      "0917 ### ####",
      "0920 ### ####",
      "0921 ### ####",
      "0936 ### ####",
      "0937 ### ####",
      "0938 ### ####",
      "0939 ### ####",
      "0935 ### ####",
      "0933 ### ####",
      "0901 ### ####",
      "0902 ### ####",
      "0903 ### ####",
      "0904 ### ####",
      "0905 ### ####"
    ]
  },
  "date": {
    "month": {
      "wide": [
        "فروردین",
        "اردیبهشت",
        "خرداد",
        "تیر",
        "مرداد",
        "شهریور",
        "مهر",
        "آبان",
        "آذر",
        "دی",
        "بهمن",
        "اسفند"
      ],
      "wide_context": [
        "فروردین",
        "اردیبهشت",
        "خرداد",
        "تیر",
        "مرداد",
        "شهریور",
        "مهر",
        "آبان",
        "آذر",
        "دی",
        "بهمن",
        "اسفند"
      ],
      "abbr": [
        "فرو",
        "ارد",
        "خرد",
        "تیر",
        "مرد",
        "شهر",
        "مهر",
        "آبا",
        "آذر",
        "دی",
        "بهم",
        "اسف"
      ],
      "abbr_context": [
        "فرو",
        "ارد",
        "خرد",
        "تیر",
        "مرد",
        "شهر",
        "مهر",
        "آبا",
        "آذر",
        "دی",
        "بهم",
        "اسف"
      ]
    },
    "weekday": {
      "wide": [
        "شنبه",
        "یکشنبه",
        "دوشنبه",
        "سه شنبه",
        "چهارشنبه",
        "پتچشنبه",
        "جمعه"
      ],
      "wide_context": [
        "شنبه",
        "یکشنبه",
        "دوشنبه",
        "سه شنبه",
        "چهارشنبه",
        "پتچشنبه",
        "جمعه"
      ],
      "abbr": [
        "ش",
        "ی",
        "د",
        "س",
        "چ",
        "پ",
        "ج"
      ],
      "abbr_context": [
        "ش",
        "ی",
        "د",
        "س",
        "چ",
        "پ",
        "ج"
      ]
    }
  },
  "vehicle": {
    "manufacturer": [
      "شورولت",
      "کادیلاک",
      "فورد",
      "کرایسلر",
      "دوج",
      "جیپ",
      "تسلا",
      "تویوتا",
      "هوندا",
      "نیسان",
      "آٔ‌ئودی",
      "مرسدس بنز",
      "بی ام و",
      "ولکس واگن",
      "پورشه",
      "جگوار",
      "استون مارتین",
      "لندرور",
      "بنتلی",
      "مینی",
      "رولز رویس",
      "فیات",
      "لامبورگینی",
      "مازراتی",
      "فراری",
      "بوگاتی",
      "کیا",
      "هیوندای"
    ],
    "model": [
      "فیستا",
      "فوکوس",
      "تاروس",
      "موستانگ",
      "اکسپلورر",
      "کروز",
      "مالیبو",
      "ایمپالا",
      "کامارو",
      "کروت",
      "کولورادو",
      "سیلورادو",
      "اسکالید",
      "آلپاین",
      "چارجر",
      "چلنجر",
      "رانگلر",
      "گرند چروکی",
      "رودستر",
      "کمری",
      "پریوس",
      "لندکروزر",
      "آکورد",
      "سیویک",
      "المنت",
      "سنترا",
      "آلتیما",
      "یبتل",
      "جتا",
      "گلف",
      "911",
      "اسپایدر",
      "کونتاچ",
      "مورسیه لاگو",
      "اونتادور"
    ],
    "type": [
      "ون",
      "کوپه",
      "پیکاپ",
      "مینی ون",
      "ون مسافرتی",
      "شاسی بلند",
      "سدان",
      "استیشن"
    ],
    "fuel": [
      "دیزل",
      "الکتریکی",
      "بنزین",
      "هیبرید"
    ]
  },
  "internet": {
    "free_email": [
      "gmail.com",
      "yahoo.com",
      "hotmail.com"
    ],
    "example_email": [
      "example.org",
      "example.com",
      "example.net"
    ],
    "domain_suffix": [
      "com",
      "ir",
      "info",
      "net",
      "org"
    ]
  },
  "commerce": {
    "color": [
      "قرمز",
      "سبز",
      "آبی",
      "زرد",
      "بنفش",
      "فیروزه ای",
      "سفید",
      "سیاه",
      "قهوه ای",
      "نارنجی",
      "صورتی",
      "خاکستری",
      "خرمایی",
      "آبی آسمانی",
      "ارغوانی",
      "زیتونی",
      "نیلی",
      "طلایی",
      "لاجوردی",
      "نقره ای"
    ],
    "department": [
      "کتاب ها",
      "فیلم ها",
      "موزیک",
      "بازی ها",
      "الکترونیک",
      "رایانه",
      "خانه",
      "باغ",
      "ابزار",
      "خواربار",
      "سلامتی",
      "زیبایی",
      "اسباب بازی",
      "بچه ها",
      "بچه",
      "تن پوش",
      "کفش",
      "زیور آلات",
      "ورزش ها",
      "بیرون از خانه",
      "اتومبیل",
      "صنعتی"
    ],
    "product_name": {
      "adjective": [
        "کوچک",
        "ارگونومیک",
        "باهوش",
        "جذاب",
        "باور نکردنی",
        "خارق العاده",
        "کاربردی",
        "براق",
        "عالی",
        "معمولی",
        "دست ساز",
        "لطیف",
        "بدون محدودیت",
        "خوش طعم"
      ],
      "material": [
        "استیل",
        "چوبی",
        "بتنی",
        "پلاستیکی",
        "کتان",
        "گرانیتی",
        "فلزی",
        "نرم",
        "تازه",
        "یخ زده"
      ],
      "product": [
        "صندلی",
        "ماشین",
        "کامپیوتر",
        "کیبورد",
        "ماوس",
        "دوچرخه",
        "توپ",
        "دستکش",
        "شلوار",
        "پیراهن",
        "میز",
        "کفش",
        "کلاه",
        "حوله",
        "صابون",
        "تن ماهی",
        "مرغ",
        "ماهی",
        "پنیر",
        "بیکن",
        "پیتزا",
        "سالاد",
        "سوسیس",
        "چیپس"
      ]
    }
  },
  "company": {
    "suffix": [
      "کارخانه",
      "و پسران",
      "شرکت با مسئولیت محدود",
      "گروه"
    ],
    "adjective": [
      "انطباقی",
      "پیشرفته",
      "بهبود یافته",
      "جذب شده",
      "خودکار",
      "متعادل",
      "متمرکز بر تجارت",
      "متمرکز",
      "کلون شده",
      "سازگار",
      "قابل تنظیم",
      "گروه متقابل",
      "متمرکز بر مشتری",
      "قابل تنظیم",
      "غیر متمرکز",
      "مهندسی شده",
      "دیجیتالی شده",
      "توزیع شده",
      "گوناگون",
      "کوچک شده",
      "پیشرفته",
      "ارگونومیک",
      "انحصاری",
      "منبسط",
      "تمدید شده",
      "رو در رو",
      "متمرکز شده",
      "خط مقدم",
      "کاملاً قابل تنظیم",
      "مبتنی بر عملکرد",
      "اساسی",
      "ضد آینده",
      "افقی",
      "پیاده سازی شده",
      "خلاقانه",
      "یکپارچه",
      "شهودی",
      "معکوس",
      "اجباری",
      "نظارت شده",
      "چند کاناله",
      "چند جانبی",
      "متن باز",
      "عملیاتی",
      "بهینه شده",
      "اختیاری",
      "ارگانیک",
      "سازمان یافته",
      "پشتکار",
      "مداوم",
      "درجه",
      "قطبی",
      "فعال",
      "متمرکز بر سود",
      "ژرف",
      "قابل برنامه ریزی",
      "ترقی خواه",
      "متمرکز بر کیفیت",
      "واکنش گرا",
      "تصحیح شده",
      "رکود",
      "مهندسی معکوس",
      "قدرتمند",
      "بدون درز",
      "امن",
      "خود توانمندی",
      "همه کاره",
      "مجازی",
      "بینایی"
    ],
    "descriptor": [
      "24 ساعت",
      "24/7",
      "نسل سوم",
      "نسل چهارم",
      "نسل پنجم",
      "نسل ششم",
      "تجزیه و تحلیل",
      "نامتقارن",
      "ناهمگام",
      "نگرش محور",
      "پس زمینه",
      "پهنای باند پایش",
      "دو جهته",
      "دوتایی",
      "روشن اندیشی",
      "مشتری محور",
      "سرویس دهنده مشتری",
      "منسجم",
      "مرکب",
      "حساس به متن",
      "مبتنی بر متن",
      "مبتنی بر محتوا",
      "اختصاصی",
      "تقاضا محور",
      "اموزشی",
      "جهت دار",
      "گسسته",
      "بی تفاوت",
      "پویا",
      "محیط زیست",
      "توانمند سازی",
      "اجرایی",
      "صریح",
      "خطاپذيری",
      "پیش زمینه",
      "پایدار",
      "ثابت",
      "سیستمی",
      "شایسته سیستم",
      "محسوس",
      "انتقالی",
      "یکسان",
      "روند رو به بالا",
      "تحمل صفر"
    ],
    "noun": [
      "توانایی",
      "دسترسی",
      "آداپتور",
      "الگوریتم",
      "اتحاد",
      "تحلیلگر",
      "کاربرد",
      "رویکرد",
      "معماری",
      "بایگانی",
      "هوش مصنوعی",
      "آرایه",
      "نگرش",
      "معیار",
      "مدیریت بودجه",
      "قابلیت",
      "ظرفیت",
      "چالش",
      "جریان",
      "همکاری",
      "پیچیدگی",
      "مفهوم",
      "اجتماع",
      "احتمالی",
      "هسته",
      "بانک اطلاعاتی",
      "پایگاه داده تحلیلی",
      "تعریف",
      "شبیه سازی",
      "رمزگذاری",
      "اکسترانت",
      "سیستم عامل",
      "انعطاف پذیری",
      "نیروی کار"
    ],
    "bs_verb": [
      "پیاده سازی",
      "استفاده",
      "ادغام",
      "ساده سازی",
      "بهینه سازی",
      "تبدیل",
      "پذیرفتن",
      "فعال کردن",
      "نفوذ کردن",
      "اختراع دوباره",
      "تجمیع",
      "معماری",
      "تحریک کردن",
      "مورف",
      "قدرت دادن",
      "پیش بینی کننده",
      "کسب درآمد",
      "مهار",
      "تسهیل کردن",
      "تصاحب کردن",
      "بی تفاوت",
      "هم افزایی",
      "استراتژی کردن",
      "استقرار",
      "نام تجاری",
      "رشد کردن",
      "هدف"
    ],
    "bs_adjective": [
      "ارزش افزوده",
      "عمودی",
      "فعال",
      "قدرتمند",
      "انقلابی",
      "مقیاس پذیر",
      "پیشرو",
      "خلاقانه",
      "شهودی",
      "راهبردی",
      "تجارت الکترونیکی",
      "ماموریت بحرانی",
      "چسبنده",
      "یک به یک",
      "24/7",
      "جهانی",
      "دانه ای",
      "بدون اصطکاک",
      "مجازی",
      "ویروسی",
      "پویا",
      "24/365",
      "مغناطیسی",
      "عقب",
      "موثر",
      "توزیع شده",
      "بدون درز",
      "قابل توسعه",
      "کلاس جهانی",
      "متن باز",
      "هم افزایی",
      "بینایی",
      "سفارشی",
      "مبتنی بر همکاری",
      "متقاعد کننده",
      "جامع",
      "پولدار"
    ],
    "bs_noun": [
      "هم افزایی",
      "بازارها",
      "شراکت",
      "زیرساخت ها",
      "پلتفرم",
      "ابتکار عمل",
      "کانال ها",
      "اجتماعات",
      "راه حل ها",
      "خدمات الکترونیکی",
      "موارد عملی",
      "پورتال ها",
      "سوله",
      "فن آوری ها",
      "محتوا",
      "زنجیره تامین",
      "همگرایی",
      "روابط",
      "معماری",
      "رابط ها",
      "بازارهای الکترونیکی",
      "تجارت الکترونیک",
      "سیستم ها",
      "پهنای باند",
      "مدل ها",
      "ذهنیت",
      "تحویل دادنی ها",
      "کاربران",
      "شبکه ها",
      "برنامه های کاربردی",
      "تجارت الکترونیکی",
      "ویژگی ها",
      "تجربیات",
      "روش شناسی",
      "بلاکچین"
    ],
    "name": [
      "#{Name.last_name} #{suffix}",
      "#{Name.last_name}-#{Name.last_name}",
      "#{Name.last_name}, #{Name.last_name} و #{Name.last_name}"
    ]
  },
  "finance": {
    "account_type": [
      "پس انداز",
      "سرمایه گذاری",
      "وام مسکن",
      "کارت اعتباری",
      "وام خودرو",
      "وام شخصی"
    ],
    "transaction_type": [
      "سپرده",
      "برداشت از حساب",
      "پرداخت",
      "صورتحساب"
    ],
    "currency": [
      {
        "name": "درهم امارات",
        "code": "AED",
        "symbol": ""
      },
      {
        "name": "افغانی",
        "code": "AFN",
        "symbol": "؋"
      },
      {
        "name": "پزو آرژانتین",
        "code": "ARS",
        "symbol": "$"
      },
      {
        "name": "دلار استرالیا",
        "code": "AUD",
        "symbol": "$"
      },
      {
        "name": "مانات آذربایجان",
        "code": "AZN",
        "symbol": "ман"
      },
      {
        "name": "دلار کانادا",
        "code": "CAD",
        "symbol": "$"
      },
      {
        "name": "فرانک سوئیس",
        "code": "CHF",
        "symbol": "CHF"
      },
      {
        "name": "کرون چک",
        "code": "CZK",
        "symbol": "Kč"
      },
      {
        "name": "کرون",
        "code": "EEK",
        "symbol": ""
      },
      {
        "name": "دینار عراق",
        "code": "IQD",
        "symbol": ""
      },
      {
        "name": "ریال ایران",
        "code": "IRR",
        "symbol": "﷼"
      },
      {
        "name": "کرون ایسلند",
        "code": "ISK",
        "symbol": "kr"
      },
      {
        "name": "دینار اردن",
        "code": "JOD",
        "symbol": ""
      },
      {
        "name": "ین",
        "code": "JPY",
        "symbol": "¥"
      },
      {
        "name": "دینار کویت",
        "code": "KWD",
        "symbol": ""
      },
      {
        "name": "دینار لیبی",
        "code": "LYD",
        "symbol": ""
      },
      {
        "name": "درهم مراکش",
        "code": "MAD",
        "symbol": ""
      },
      {
        "name": "روپی نپال",
        "code": "NPR",
        "symbol": "₨"
      },
      {
        "name": "ریال عمان",
        "code": "OMR",
        "symbol": "﷼"
      },
      {
        "name": "پزو فیلیپین",
        "code": "PHP",
        "symbol": "Php"
      },
      {
        "name": "روپی پاکستان",
        "code": "PKR",
        "symbol": "₨"
      },
      {
        "name": "ریال قطر",
        "code": "QAR",
        "symbol": "﷼"
      },
      {
        "name": "روبل روسیه",
        "code": "RUB",
        "symbol": "руб"
      },
      {
        "name": "ریال عربستان",
        "code": "SAR",
        "symbol": "﷼"
      },
      {
        "name": "پوند سودان",
        "code": "SDG",
        "symbol": ""
      },
      {
        "name": "کرون سوئد",
        "code": "SEK",
        "symbol": "kr"
      },
      {
        "name": "دلار سنگاپور",
        "code": "SGD",
        "symbol": "$"
      }
    ],
    "credit_card": {
      "visa": [
        "4###########L",
        "4###-####-####-###L"
      ],
      "mastercard": [
        "5[1-5]##-####-####-###L",
        "6771-89##-####-###L"
      ]
    }
  }
}