{
  "title": "Finnish",
  "name": {
    "male_first_name": [
      "Aleksi",
      "Antero",
      "Antti",
      "Ari",
      "Eero",
      "Ensio",
      "Erik",
      "Erkki",
      "Hannu",
      "Heikki",
      "Henrik",
      "Ilmari",
      "Jaakko",
      "Janne",
      "Jari",
      "Johannes",
      "Juha",
      "Juhani",
      "Juho",
      "Jukka",
      "Kalervo",
      "Kalevi",
      "Kari",
      "Kristian",
      "Lauri",
      "Markku",
      "Marko",
      "Markus",
      "Martti",
      "Matias",
      "Matti",
      "Mika",
      "Mikael",
      "Mikko",
      "Olavi",
      "Oskari",
      "Pekka",
      "Pentti",
      "Petri",
      "Petteri",
      "Sakari",
      "Sami",
      "Seppo",
      "Tapani",
      "Tapio",
      "Timo",
      "Tuomas",
      "Valtteri",
      "Veikko",
      "Ville"
    ],
    "female_first_name": [
      "Aino",
      "Anja",
      "Anna",
      "Anne",
      "Anneli",
      "Annikki",
      "Eeva",
      "Elina",
      "Elisabet",
      "Emilia",
      "Eveliina",
      "Hanna",
      "Hannele",
      "Helena",
      "Inkeri",
      "Irmeli",
      "Johanna",
      "Kaarina",
      "Karoliina",
      "Katariina",
      "Kristiina",
      "Kyllikki",
      "Laura",
      "Leena",
      "Liisa",
      "Maarit",
      "Maija",
      "Mari",
      "Maria",
      "Marika",
      "Marja",
      "Marjatta",
      "Minna",
      "Orvokki",
      "Pauliina",
      "Pirjo",
      "Pirkko",
      "Päivi",
      "Riitta",
      "Ritva",
      "Sari",
      "Satu",
      "Sinikka",
      "Sofia",
      "Susanna",
      "Tarja",
      "Tellervo",
      "Tiina",
      "Tuula",
      "Tuulikki"
    ],
    "first_name": [
      "Aleksi",
      "Antero",
      "Antti",
      "Ari",
      "Eero",
      "Ensio",
      "Erik",
      "Erkki",
      "Hannu",
      "Heikki",
      "Henrik",
      "Ilmari",
      "Jaakko",
      "Janne",
      "Jari",
      "Johannes",
      "Juha",
      "Juhani",
      "Juho",
      "Jukka",
      "Kalervo",
      "Kalevi",
      "Kari",
      "Kristian",
      "Lauri",
      "Markku",
      "Marko",
      "Markus",
      "Martti",
      "Matias",
      "Matti",
      "Mika",
      "Mikael",
      "Mikko",
      "Olavi",
      "Oskari",
      "Pekka",
      "Pentti",
      "Petri",
      "Petteri",
      "Sakari",
      "Sami",
      "Seppo",
      "Tapani",
      "Tapio",
      "Timo",
      "Tuomas",
      "Valtteri",
      "Veikko",
      "Ville",
      "Aino",
      "Anja",
      "Anna",
      "Anne",
      "Anneli",
      "Annikki",
      "Eeva",
      "Elina",
      "Elisabet",
      "Emilia",
      "Eveliina",
      "Hanna",
      "Hannele",
      "Helena",
      "Inkeri",
      "Irmeli",
      "Johanna",
      "Kaarina",
      "Karoliina",
      "Katariina",
      "Kristiina",
      "Kyllikki",
      "Laura",
      "Leena",
      "Liisa",
      "Maarit",
      "Maija",
      "Mari",
      "Maria",
      "Marika",
      "Marja",
      "Marjatta",
      "Minna",
      "Orvokki",
      "Pauliina",
      "Pirjo",
      "Pirkko",
      "Päivi",
      "Riitta",
      "Ritva",
      "Sari",
      "Satu",
      "Sinikka",
      "Sofia",
      "Susanna",
      "Tarja",
      "Tellervo",
      "Tiina",
      "Tuula",
      "Tuulikki"
    ],
    "last_name": [
      "Aaltonen",
      "Ahonen",
      "Anttila",
      "Hakala",
      "Heikkilä",
      "Heikkinen",
      "Heinonen",
      "Hiltunen",
      "Hirvonen",
      "Hämäläinen",
      "Jokinen",
      "Järvinen",
      "Kallio",
      "Karjalainen",
      "Kinnunen",
      "Koivisto",
      "Korhonen",
      "Koskinen",
      "Laakso",
      "Laaksonen",
      "Lahtinen",
      "Laine",
      "Laitinen",
      "Lehtinen",
      "Lehto",
      "Lehtonen",
      "Leinonen",
      "Leppänen",
      "Manninen",
      "Mattila",
      "Miettinen",
      "Mustonen",
      "Mäkelä",
      "Mäkinen",
      "Niemi",
      "Nieminen",
      "Ojala",
      "Pitkänen",
      "Rantanen",
      "Räsänen",
      "Saarinen",
      "Salminen",
      "Salo",
      "Salonen",
      "Savolainen",
      "Toivonen",
      "Tuominen",
      "Turunen",
      "Virtanen",
      "Väisänen"
    ],
    "name": [
      "#{first_name} #{last_name}",
      "#{first_name} #{last_name}",
      "#{male_first_name} #{last_name}",
      "#{female_first_name} #{last_name}"
    ]
  }
}