{
  "title": "French",
  "address": {
    "building_number": [
      "####",
      "###",
      "##",
      "#"
    ],
    "street_prefix": [
      "Allée",
      "Voie",
      "Rue",
      "Avenue",
      "Boulevard",
      "Quai",
      "Passage",
      "Impasse",
      "Place"
    ],
    "secondary_address": [
      "Apt. ###",
      "# étage"
    ],
    "postcode": [
      "#####"
    ],
    "state": [
      "Alsace",
      "Aquitaine",
      "Auvergne",
      "Basse-Normandie",
      "Bourgogne",
      "Bretagne",
      "Centre",
      "Champagne-Ardenne",
      "Corse",
      "Franche-Comté",
      "Haute-Normandie",
      "Île-de-France",
      "Languedoc-Roussillon",
      "Limousin",
      "Lorraine",
      "Midi-Pyrénées",
      "Nord-Pas-de-Calais",
      "Pays de la Loire",
      "Picardie",
      "Poitou-Charentes",
      "Provence-Alpes-Côte d'Azur",
      "Rhône-Alpes"
    ],
    "city_name": [
      "Paris",
      "Marseille",
      "Lyon",
      "Toulouse",
      "Nice",
      "Nantes",
      "Strasbourg",
      "Montpellier",
      "Bordeaux",
      "Lille",
      "Rennes",
      "Reims",
      "Le Havre",
      "Saint-Étienne",
      "Toulon",
      "Grenoble",
      "Dijon",
      "Angers",
      "Saint-Denis",
      "Villeurbanne",
      "Le Mans",
      "Aix-en-Provence",
      "Brest",
      "Nîmes",
      "Limoges",
      "Clermont-Ferrand",
      "Tours",
      "Amiens",
      "Metz",
      "Perpignan",
      "Besançon",
      "Orléans",
      "Boulogne-Billancourt",
      "Mulhouse",
      "Rouen",
      "Caen",
      "Nancy",
      "Saint-Denis",
      "Saint-Paul",
      "Montreuil",
      "Argenteuil",
      "Roubaix",
      "Dunkerque14",
      "Tourcoing",
      "Nanterre",
      "Avignon",
      "Créteil",
      "Poitiers",
      "Fort-de-France",
      "Courbevoie",
      "Versailles",
      "Vitry-sur-Seine",
      "Colombes",
      "Pau",
      "Aulnay-sous-Bois",
      "Asnières-sur-Seine",
      "Rueil-Malmaison",
      "Saint-Pierre",
      "Antibes",
      "Saint-Maur-des-Fossés",
      "Champigny-sur-Marne",
      "La Rochelle",
      "Aubervilliers",
      "Calais",
      "Cannes",
      "Le Tampon",
      "Béziers",
      "Colmar",
      "Bourges",
      "Drancy",
      "Mérignac",
      "Saint-Nazaire",
      "Valence",
      "Ajaccio",
      "Issy-les-Moulineaux",
      "Villeneuve-d'Ascq",
      "Levallois-Perret",
      "Noisy-le-Grand",
      "Quimper",
      "La Seyne-sur-Mer",
      "Antony",
      "Troyes",
      "Neuilly-sur-Seine",
      "Sarcelles",
      "Les Abymes",
      "Vénissieux",
      "Clichy",
      "Lorient",
      "Pessac",
      "Ivry-sur-Seine",
      "Cergy",
      "Cayenne",
      "Niort",
      "Chambéry",
      "Montauban",
      "Saint-Quentin",
      "Villejuif",
      "Hyères",
      "Beauvais",
      "Cholet"
    ],
    "city": [
      "#{city_name}"
    ],
    "street_suffix": [
      "de l'Abbaye",
      "Adolphe Mille",
      "d'Alésia",
      "d'Argenteuil",
      "d'Assas",
      "du Bac",
      "de Paris",
      "La Boétie",
      "Bonaparte",
      "de la Bûcherie",
      "de Caumartin",
      "Charlemagne",
      "du Chat-qui-Pêche",
      "de la Chaussée-d'Antin",
      "du Dahomey",
      "Dauphine",
      "Delesseux",
      "du Faubourg Saint-Honoré",
      "du Faubourg-Saint-Denis",
      "de la Ferronnerie",
      "des Francs-Bourgeois",
      "des Grands Augustins",
      "de la Harpe",
      "du Havre",
      "de la Huchette",
      "Joubert",
      "Laffitte",
      "Lepic",
      "des Lombards",
      "Marcadet",
      "Molière",
      "Monsieur-le-Prince",
      "de Montmorency",
      "Montorgueil",
      "Mouffetard",
      "de Nesle",
      "Oberkampf",
      "de l'Odéon",
      "d'Orsel",
      "de la Paix",
      "des Panoramas",
      "Pastourelle",
      "Pierre Charron",
      "de la Pompe",
      "de Presbourg",
      "de Provence",
      "de Richelieu",
      "de Rivoli",
      "des Rosiers",
      "Royale",
      "d'Abbeville",
      "Saint-Honoré",
      "Saint-Bernard",
      "Saint-Denis",
      "Saint-Dominique",
      "Saint-Jacques",
      "Saint-Séverin",
      "des Saussaies",
      "de Seine",
      "de Solférino",
      "Du Sommerard",
      "de Tilsitt",
      "Vaneau",
      "de Vaugirard",
      "de la Victoire",
      "Zadkine"
    ],
    "street_name": [
      "#{street_prefix} #{street_suffix}"
    ],
    "street_address": [
      "#{building_number} #{street_name}"
    ],
    "default_country": [
      "France"
    ]
  },
  "company": {
    "suffix": [
      "SARL",
      "SA",
      "EURL",
      "SAS",
      "SEM",
      "SCOP",
      "GIE",
      "EI"
    ],
    "adjective": [
      "Adaptive",
      "Advanced",
      "Ameliorated",
      "Assimilated",
      "Automated",
      "Balanced",
      "Business-focused",
      "Centralized",
      "Cloned",
      "Compatible",
      "Configurable",
      "Cross-group",
      "Cross-platform",
      "Customer-focused",
      "Customizable",
      "Decentralized",
      "De-engineered",
      "Devolved",
      "Digitized",
      "Distributed",
      "Diverse",
      "Down-sized",
      "Enhanced",
      "Enterprise-wide",
      "Ergonomic",
      "Exclusive",
      "Expanded",
      "Extended",
      "Face to face",
      "Focused",
      "Front-line",
      "Fully-configurable",
      "Function-based",
      "Fundamental",
      "Future-proofed",
      "Grass-roots",
      "Horizontal",
      "Implemented",
      "Innovative",
      "Integrated",
      "Intuitive",
      "Inverse",
      "Managed",
      "Mandatory",
      "Monitored",
      "Multi-channelled",
      "Multi-lateral",
      "Multi-layered",
      "Multi-tiered",
      "Networked",
      "Object-based",
      "Open-architected",
      "Open-source",
      "Operative",
      "Optimized",
      "Optional",
      "Organic",
      "Organized",
      "Persevering",
      "Persistent",
      "Phased",
      "Polarised",
      "Pre-emptive",
      "Proactive",
      "Profit-focused",
      "Profound",
      "Programmable",
      "Progressive",
      "Public-key",
      "Quality-focused",
      "Reactive",
      "Realigned",
      "Re-contextualized",
      "Re-engineered",
      "Reduced",
      "Reverse-engineered",
      "Right-sized",
      "Robust",
      "Seamless",
      "Secured",
      "Self-enabling",
      "Sharable",
      "Stand-alone",
      "Streamlined",
      "Switchable",
      "Synchronised",
      "Synergistic",
      "Synergized",
      "Team-oriented",
      "Total",
      "Triple-buffered",
      "Universal",
      "Up-sized",
      "Upgradable",
      "User-centric",
      "User-friendly",
      "Versatile",
      "Virtual",
      "Visionary",
      "Vision-oriented"
    ],
    "descriptor": [
      "24 hour",
      "24/7",
      "3rd generation",
      "4th generation",
      "5th generation",
      "6th generation",
      "actuating",
      "analyzing",
      "asymmetric",
      "asynchronous",
      "attitude-oriented",
      "background",
      "bandwidth-monitored",
      "bi-directional",
      "bifurcated",
      "bottom-line",
      "clear-thinking",
      "client-driven",
      "client-server",
      "coherent",
      "cohesive",
      "composite",
      "context-sensitive",
      "contextually-based",
      "content-based",
      "dedicated",
      "demand-driven",
      "didactic",
      "directional",
      "discrete",
      "disintermediate",
      "dynamic",
      "eco-centric",
      "empowering",
      "encompassing",
      "even-keeled",
      "executive",
      "explicit",
      "exuding",
      "fault-tolerant",
      "foreground",
      "fresh-thinking",
      "full-range",
      "global",
      "grid-enabled",
      "heuristic",
      "high-level",
      "holistic",
      "homogeneous",
      "human-resource",
      "hybrid",
      "impactful",
      "incremental",
      "intangible",
      "interactive",
      "intermediate",
      "leading edge",
      "local",
      "logistical",
      "maximized",
      "methodical",
      "mission-critical",
      "mobile",
      "modular",
      "motivating",
      "multimedia",
      "multi-state",
      "multi-tasking",
      "national",
      "needs-based",
      "neutral",
      "next generation",
      "non-volatile",
      "object-oriented",
      "optimal",
      "optimizing",
      "radical",
      "real-time",
      "reciprocal",
      "regional",
      "responsive",
      "scalable",
      "secondary",
      "solution-oriented",
      "stable",
      "static",
      "systematic",
      "systemic",
      "system-worthy",
      "tangible",
      "tertiary",
      "transitional",
      "uniform",
      "upward-trending",
      "user-facing",
      "value-added",
      "web-enabled",
      "well-modulated",
      "zero administration",
      "zero defect",
      "zero tolerance"
    ],
    "noun": [
      "ability",
      "access",
      "adapter",
      "algorithm",
      "alliance",
      "analyzer",
      "application",
      "approach",
      "architecture",
      "archive",
      "artificial intelligence",
      "array",
      "attitude",
      "benchmark",
      "budgetary management",
      "capability",
      "capacity",
      "challenge",
      "circuit",
      "collaboration",
      "complexity",
      "concept",
      "conglomeration",
      "contingency",
      "core",
      "customer loyalty",
      "database",
      "data-warehouse",
      "definition",
      "emulation",
      "encoding",
      "encryption",
      "extranet",
      "firmware",
      "flexibility",
      "focus group",
      "forecast",
      "frame",
      "framework",
      "function",
      "functionalities",
      "Graphic Interface",
      "groupware",
      "Graphical User Interface",
      "hardware",
      "help-desk",
      "hierarchy",
      "hub",
      "implementation",
      "info-mediaries",
      "infrastructure",
      "initiative",
      "installation",
      "instruction set",
      "interface",
      "internet solution",
      "intranet",
      "knowledge user",
      "knowledge base",
      "local area network",
      "leverage",
      "matrices",
      "matrix",
      "methodology",
      "middleware",
      "migration",
      "model",
      "moderator",
      "monitoring",
      "moratorium",
      "neural-net",
      "open architecture",
      "open system",
      "orchestration",
      "paradigm",
      "parallelism",
      "policy",
      "portal",
      "pricing structure",
      "process improvement",
      "product",
      "productivity",
      "project",
      "projection",
      "protocol",
      "secured line",
      "service-desk",
      "software",
      "solution",
      "standardization",
      "strategy",
      "structure",
      "success",
      "superstructure",
      "support",
      "synergy",
      "system engine",
      "task-force",
      "throughput",
      "time-frame",
      "toolset",
      "utilisation",
      "website",
      "workforce"
    ],
    "bs_verb": [
      "implement",
      "utilize",
      "integrate",
      "streamline",
      "optimize",
      "evolve",
      "transform",
      "embrace",
      "enable",
      "orchestrate",
      "leverage",
      "reinvent",
      "aggregate",
      "architect",
      "enhance",
      "incentivize",
      "morph",
      "empower",
      "envisioneer",
      "monetize",
      "harness",
      "facilitate",
      "seize",
      "disintermediate",
      "synergize",
      "strategize",
      "deploy",
      "brand",
      "grow",
      "target",
      "syndicate",
      "synthesize",
      "deliver",
      "mesh",
      "incubate",
      "engage",
      "maximize",
      "benchmark",
      "expedite",
      "reintermediate",
      "whiteboard",
      "visualize",
      "repurpose",
      "innovate",
      "scale",
      "unleash",
      "drive",
      "extend",
      "engineer",
      "revolutionize",
      "generate",
      "exploit",
      "transition",
      "e-enable",
      "iterate",
      "cultivate",
      "matrix",
      "productize",
      "redefine",
      "recontextualize"
    ],
    "bs_adjective": [
      "clicks-and-mortar",
      "value-added",
      "vertical",
      "proactive",
      "robust",
      "revolutionary",
      "scalable",
      "leading-edge",
      "innovative",
      "intuitive",
      "strategic",
      "e-business",
      "mission-critical",
      "sticky",
      "one-to-one",
      "24/7",
      "end-to-end",
      "global",
      "B2B",
      "B2C",
      "granular",
      "frictionless",
      "virtual",
      "viral",
      "dynamic",
      "24/365",
      "best-of-breed",
      "killer",
      "magnetic",
      "bleeding-edge",
      "web-enabled",
      "interactive",
      "dot-com",
      "sexy",
      "back-end",
      "real-time",
      "efficient",
      "front-end",
      "distributed",
      "seamless",
      "extensible",
      "turn-key",
      "world-class",
      "open-source",
      "cross-platform",
      "cross-media",
      "synergistic",
      "bricks-and-clicks",
      "out-of-the-box",
      "enterprise",
      "integrated",
      "impactful",
      "wireless",
      "transparent",
      "next-generation",
      "cutting-edge",
      "user-centric",
      "visionary",
      "customized",
      "ubiquitous",
      "plug-and-play",
      "collaborative",
      "compelling",
      "holistic",
      "rich"
    ],
    "bs_noun": [
      "synergies",
      "web-readiness",
      "paradigms",
      "markets",
      "partnerships",
      "infrastructures",
      "platforms",
      "initiatives",
      "channels",
      "eyeballs",
      "communities",
      "ROI",
      "solutions",
      "e-tailers",
      "e-services",
      "action-items",
      "portals",
      "niches",
      "technologies",
      "content",
      "vortals",
      "supply-chains",
      "convergence",
      "relationships",
      "architectures",
      "interfaces",
      "e-markets",
      "e-commerce",
      "systems",
      "bandwidth",
      "infomediaries",
      "models",
      "mindshare",
      "deliverables",
      "users",
      "schemas",
      "networks",
      "applications",
      "metrics",
      "e-business",
      "functionalities",
      "experiences",
      "web services",
      "methodologies"
    ],
    "name": [
      "#{Name.last_name} #{suffix}",
      "#{Name.last_name} et #{Name.last_name}"
    ]
  },
  "internet": {
    "free_email": [
      "gmail.com",
      "yahoo.fr",
      "hotmail.fr"
    ],
    "domain_suffix": [
      "com",
      "fr",
      "eu",
      "info",
      "name",
      "net",
      "org"
    ]
  },
  "lorem": {
    "words": [
      "alias",
      "consequatur",
      "aut",
      "perferendis",
      "sit",
      "voluptatem",
      "accusantium",
      "doloremque",
      "aperiam",
      "eaque",
      "ipsa",
      "quae",
      "ab",
      "illo",
      "inventore",
      "veritatis",
      "et",
      "quasi",
      "architecto",
      "beatae",
      "vitae",
      "dicta",
      "sunt",
      "explicabo",
      "aspernatur",
      "aut",
      "odit",
      "aut",
      "fugit",
      "sed",
      "quia",
      "consequuntur",
      "magni",
      "dolores",
      "eos",
      "qui",
      "ratione",
      "voluptatem",
      "sequi",
      "nesciunt",
      "neque",
      "dolorem",
      "ipsum",
      "quia",
      "dolor",
      "sit",
      "amet",
      "consectetur",
      "adipisci",
      "velit",
      "sed",
      "quia",
      "non",
      "numquam",
      "eius",
      "modi",
      "tempora",
      "incidunt",
      "ut",
      "labore",
      "et",
      "dolore",
      "magnam",
      "aliquam",
      "quaerat",
      "voluptatem",
      "ut",
      "enim",
      "ad",
      "minima",
      "veniam",
      "quis",
      "nostrum",
      "exercitationem",
      "ullam",
      "corporis",
      "nemo",
      "enim",
      "ipsam",
      "voluptatem",
      "quia",
      "voluptas",
      "sit",
      "suscipit",
      "laboriosam",
      "nisi",
      "ut",
      "aliquid",
      "ex",
      "ea",
      "commodi",
      "consequatur",
      "quis",
      "autem",
      "vel",
      "eum",
      "iure",
      "reprehenderit",
      "qui",
      "in",
      "ea",
      "voluptate",
      "velit",
      "esse",
      "quam",
      "nihil",
      "molestiae",
      "et",
      "iusto",
      "odio",
      "dignissimos",
      "ducimus",
      "qui",
      "blanditiis",
      "praesentium",
      "laudantium",
      "totam",
      "rem",
      "voluptatum",
      "deleniti",
      "atque",
      "corrupti",
      "quos",
      "dolores",
      "et",
      "quas",
      "molestias",
      "excepturi",
      "sint",
      "occaecati",
      "cupiditate",
      "non",
      "provident",
      "sed",
      "ut",
      "perspiciatis",
      "unde",
      "omnis",
      "iste",
      "natus",
      "error",
      "similique",
      "sunt",
      "in",
      "culpa",
      "qui",
      "officia",
      "deserunt",
      "mollitia",
      "animi",
      "id",
      "est",
      "laborum",
      "et",
      "dolorum",
      "fuga",
      "et",
      "harum",
      "quidem",
      "rerum",
      "facilis",
      "est",
      "et",
      "expedita",
      "distinctio",
      "nam",
      "libero",
      "tempore",
      "cum",
      "soluta",
      "nobis",
      "est",
      "eligendi",
      "optio",
      "cumque",
      "nihil",
      "impedit",
      "quo",
      "porro",
      "quisquam",
      "est",
      "qui",
      "minus",
      "id",
      "quod",
      "maxime",
      "placeat",
      "facere",
      "possimus",
      "omnis",
      "voluptas",
      "assumenda",
      "est",
      "omnis",
      "dolor",
      "repellendus",
      "temporibus",
      "autem",
      "quibusdam",
      "et",
      "aut",
      "consequatur",
      "vel",
      "illum",
      "qui",
      "dolorem",
      "eum",
      "fugiat",
      "quo",
      "voluptas",
      "nulla",
      "pariatur",
      "at",
      "vero",
      "eos",
      "et",
      "accusamus",
      "officiis",
      "debitis",
      "aut",
      "rerum",
      "necessitatibus",
      "saepe",
      "eveniet",
      "ut",
      "et",
      "voluptates",
      "repudiandae",
      "sint",
      "et",
      "molestiae",
      "non",
      "recusandae",
      "itaque",
      "earum",
      "rerum",
      "hic",
      "tenetur",
      "a",
      "sapiente",
      "delectus",
      "ut",
      "aut",
      "reiciendis",
      "voluptatibus",
      "maiores",
      "doloribus",
      "asperiores",
      "repellat"
    ]
  },
  "name": {
    "male_first_name": [
      "Aaron",
      "Abdon",
      "Abel",
      "Abélard",
      "Abelin",
      "Abondance",
      "Abraham",
      "Absalon",
      "Acace",
      "Achaire",
      "Achille",
      "Adalard",
      "Adalbald",
      "Adalbéron",
      "Adalbert",
      "Adalric",
      "Adam",
      "Adegrin",
      "Adel",
      "Adelin",
      "Adelphe",
      "Adenet",
      "Adéodat",
      "Adhémar",
      "Adjutor",
      "Adolphe",
      "Adonis",
      "Adrien",
      "Agapet",
      "Agathange",
      "Agathon",
      "Agilbert",
      "Agnan",
      "Agrippin",
      "Aimable",
      "Aimé",
      "Alain",
      "Alban",
      "Albéric",
      "Albert",
      "Alcibiade",
      "Alcide",
      "Alcime",
      "Aldonce",
      "Aldric",
      "Aleaume",
      "Alexandre",
      "Alexis",
      "Alix",
      "Alliaume",
      "Almine",
      "Almire",
      "Aloïs",
      "Alphée",
      "Alphonse",
      "Alpinien",
      "Alverède",
      "Amalric",
      "Amandin",
      "Amant",
      "Ambroise",
      "Amédée",
      "Amélien",
      "Amiel",
      "Amour",
      "Anaël",
      "Anastase",
      "Anatole",
      "Ancelin",
      "Andéol",
      "Andoche",
      "André",
      "Ange",
      "Angilbe",
      "Angilran",
      "Angoustan",
      "Anicet",
      "Anne",
      "Annibal",
      "Ansbert",
      "Anselme",
      "Anthelme",
      "Antide",
      "Antoine",
      "Antonin",
      "Apollinaire",
      "Aquilin",
      "Arcade",
      "Archambaud",
      "Archange",
      "Archibald",
      "Arian",
      "Ariel",
      "Ariste",
      "Aristide",
      "Armand",
      "Armel",
      "Armin",
      "Arnould",
      "Arnaud",
      "Arolde",
      "Arsène",
      "Arsinoé",
      "Arthaud",
      "Arthème",
      "Arthur",
      "Ascelin",
      "Athanase",
      "Aubry",
      "Audebert",
      "Audouin",
      "Audran",
      "Auguste",
      "Aurèle",
      "Aurian",
      "Auxence",
      "Axel",
      "Aymard",
      "Aymeric",
      "Aymon",
      "Balthazar",
      "Baptiste",
      "Barnabé",
      "Barthélemy",
      "Bartimée",
      "Basile",
      "Bastien",
      "Baudouin",
      "Bénigne",
      "Benjamin",
      "Benoît",
      "Béranger",
      "Bérard",
      "Bernard",
      "Bertrand",
      "Blaise",
      "Bohémond",
      "Bon",
      "Boniface",
      "Bouchard",
      "Briac",
      "Brice",
      "Brieuc",
      "Bruno",
      "Calixte",
      "Camélien",
      "Camille",
      "Camillien",
      "Candide",
      "Caribert",
      "Carloman",
      "Cassandre",
      "Cassien",
      "Cédric",
      "Céleste",
      "Célestin",
      "Célien",
      "Césaire",
      "César",
      "Charles",
      "Charlemagne",
      "Childebert",
      "Chilpéric",
      "Chrétien",
      "Christian",
      "Christodule",
      "Christophe",
      "Chrysole",
      "Chrysostome",
      "Clarence",
      "Claude",
      "Claudien",
      "Cléandre",
      "Clément",
      "Cléry",
      "Clotaire",
      "Clovis",
      "Colin",
      "Côme",
      "Constance",
      "Constant",
      "Constantin",
      "Corentin",
      "Cyprien",
      "Cyriaque",
      "Cyrille",
      "Damien",
      "Daniel",
      "David",
      "Delphin",
      "Denis",
      "Désiré",
      "Didier",
      "Dieudonné",
      "Dimitri",
      "Dominique",
      "Dorian",
      "Edgard",
      "Edmond",
      "Édouard",
      "Éleuthère",
      "Élie",
      "Élisée",
      "Élzéar",
      "Émeric",
      "Émile",
      "Emmanuel",
      "Enguerrand",
      "Épiphane",
      "Éric",
      "Ernest",
      "Étienne",
      "Eubert",
      "Eudes",
      "Eudoxe",
      "Eugène",
      "Eusèbe",
      "Eustache",
      "Évariste",
      "Évrard",
      "Fabien",
      "Fabrice",
      "Falba",
      "Fantin",
      "Félicité",
      "Félix",
      "Ferdinand",
      "Fiacre",
      "Fidèle",
      "Firmin",
      "Flavien",
      "Flodoard",
      "Florent,",
      "Florestan",
      "Florian",
      "Fortuné",
      "Foulques",
      "Francisque",
      "François",
      "Frédéric",
      "Fulbert",
      "Fulcran",
      "Fulgence",
      "Gabin",
      "Gabriel",
      "Gaël",
      "Garnier",
      "Gaston",
      "Gaspar",
      "Gaspard",
      "Gatien",
      "Gaud",
      "Gautier",
      "Gédéon",
      "Geoffroy",
      "Georges",
      "Géraud",
      "Gérard",
      "Gerbert",
      "Germain",
      "Gervais",
      "Ghislain",
      "Gilbert",
      "Gilles",
      "Girart",
      "Gislebert",
      "Gondebaud",
      "Gonthier",
      "Gontran",
      "Gonzague",
      "Grégoire",
      "Guérin",
      "Gui",
      "Guillaume",
      "Gustave",
      "Guy",
      "Guyot",
      "Hardouin",
      "Hector",
      "Hédelin",
      "Hélier",
      "Henri",
      "Herbert",
      "Herluin",
      "Hervé",
      "Hilaire",
      "Hildebert",
      "Hincmar",
      "Hippolyte",
      "Honoré",
      "Hubert",
      "Hugues",
      "Innocent",
      "Isabeau",
      "Isidore",
      "Jacques",
      "Japhet",
      "Jason",
      "Jean",
      "Jeannel",
      "Jeannot",
      "Jérémie",
      "Jérôme",
      "Joachim",
      "Joanny",
      "Job",
      "Jocelyn",
      "Joël",
      "Johan",
      "Jonas",
      "Jonathan",
      "Joseph",
      "Josse",
      "Josselin",
      "Jourdain",
      "Jude",
      "Judicaël",
      "Jules",
      "Julien",
      "Juste",
      "Justin",
      "Lambert",
      "Landry",
      "Laurent",
      "Lazare",
      "Léandre",
      "Léon",
      "Léonard",
      "Léopold",
      "Leu",
      "Leufroy",
      "Libère",
      "Liétald",
      "Lionel",
      "Loïc",
      "Longin",
      "Lorrain",
      "Lothaire",
      "Louis",
      "Loup",
      "Luc",
      "Lucas",
      "Lucien",
      "Ludolphe",
      "Ludovic",
      "Macaire",
      "Malo",
      "Mamert",
      "Manassé",
      "Marc",
      "Marceau",
      "Marcel",
      "Marcelin",
      "Marius",
      "Martial",
      "Martin",
      "Mathurin",
      "Matthias",
      "Matthieu",
      "Maugis",
      "Maurice",
      "Maxence",
      "Maxime",
      "Maximilien",
      "Mayeul",
      "Médéric",
      "Melchior",
      "Mence",
      "Merlin",
      "Mérovée",
      "Michaël",
      "Michel",
      "Moïse",
      "Morgan",
      "Nathan",
      "Nathanaël",
      "Narcisse",
      "Naudet",
      "Néhémie",
      "Nestor",
      "Nicéphore",
      "Nicolas",
      "Noé",
      "Noël",
      "Norbert",
      "Normand",
      "Octave",
      "Odilon",
      "Odon",
      "Oger",
      "Olivier",
      "Oury",
      "Pacôme",
      "Palémon",
      "Parfait",
      "Pascal",
      "Paterne",
      "Patrice",
      "Paul",
      "Pépin",
      "Perceval",
      "Philémon",
      "Philibert",
      "Philippe",
      "Philothée",
      "Pie",
      "Pierre",
      "Pierrick",
      "Prosper",
      "Quentin",
      "Raoul",
      "Raphaël",
      "Raymond",
      "Régis",
      "Réjean",
      "Rémi",
      "Renaud",
      "René",
      "Reybaud",
      "Richard",
      "Robert",
      "Roch",
      "Rodolphe",
      "Rodrigue",
      "Roger",
      "Roland",
      "Romain",
      "Romuald",
      "Roméo",
      "Ronan",
      "Roselin",
      "Rachid",
      "Salomon",
      "Samuel",
      "Sauveur",
      "Savin",
      "Savinien",
      "Scholastique",
      "Sébastien",
      "Séraphin",
      "Serge",
      "Séverin",
      "Sidoine",
      "Sigebert",
      "Sigismond",
      "Silvère",
      "Simon",
      "Sixte",
      "Stanislas",
      "Stéphane",
      "Sylvain",
      "Sylvestre",
      "Tancrède",
      "Tanguy",
      "Taurin",
      "Théodore",
      "Théodose",
      "Théophile",
      "Théophraste",
      "Thibault",
      "Thibert",
      "Thierry",
      "Thomas",
      "Timoléon",
      "Timothée",
      "Titien",
      "Tonnin",
      "Toussaint",
      "Trajan",
      "Tristan",
      "Turold",
      "Tim",
      "Ulysse",
      "Urbain",
      "Valentin",
      "Valère",
      "Valéry",
      "Venance",
      "Venceslas",
      "Vianney",
      "Victor",
      "Victorien",
      "Victorin",
      "Vigile",
      "Vincent",
      "Vital",
      "Vivien",
      "Waleran",
      "Wandrille",
      "Xavier",
      "Xénophon",
      "Yves",
      "Yoann",
      "Zacharie",
      "Zaché",
      "Zéphirin"
    ],
    "female_first_name": [
      "Abdonie",
      "Abeline",
      "Abigaelle",
      "Abigaïl",
      "Acacie",
      "Acanthe",
      "Adalbaude",
      "Adalsinde",
      "Adegrine",
      "Adélaïde",
      "Adèle",
      "Adélie",
      "Adeline",
      "Adeltrude",
      "Adolphie",
      "Adonise",
      "Adrastée",
      "Adrehilde",
      "Adrienne",
      "Agathe",
      "Agilberte",
      "Aglaé",
      "Agnane",
      "Agneflète",
      "Agnès",
      "Agrippine",
      "Aimée",
      "Alaine",
      "Alaïs",
      "Albane",
      "Albérade",
      "Alberte",
      "Alcidie",
      "Alcine",
      "Alcyone",
      "Aldegonde",
      "Aleth",
      "Alexandrine",
      "Alexanne",
      "Alexine",
      "Alice",
      "Aliénor",
      "Aliette",
      "Aline",
      "Alix",
      "Alizé",
      "Aloïse",
      "Aloyse",
      "Alphonsine",
      "Althée",
      "Amaliane",
      "Amalthée",
      "Amande",
      "Amandine",
      "Amante",
      "Amarande",
      "Amaranthe",
      "Amaryllis",
      "Ambre",
      "Ambroisie",
      "Améliane",
      "Amélie",
      "Ameline",
      "Améthyste",
      "Aminte",
      "Anaëlle",
      "Anaïs",
      "Anastasie",
      "Anatolie",
      "Anceline",
      "Andrée",
      "Anémone",
      "Angadrême",
      "Angèle",
      "Angeline",
      "Angélina",
      "Angélique",
      "Angilberte",
      "Anicée",
      "Anicette",
      "Annabelle",
      "Anne",
      "Annette",
      "Annonciade",
      "Ansberte",
      "Anstrudie",
      "Anthelmette",
      "Antigone",
      "Antoinette",
      "Antonine",
      "Aphélie",
      "Apolline",
      "Aquiline",
      "Arabelle",
      "Arcadie",
      "Archange",
      "Argine",
      "Ariane",
      "Aricie",
      "Ariel",
      "Arielle",
      "Arlette",
      "Armance",
      "Armande",
      "Armandine",
      "Armeline",
      "Armide",
      "Armelle",
      "Armine",
      "Arnaude",
      "Arsènie",
      "Arsinoé",
      "Artémis",
      "Arthurine",
      "Asceline",
      "Ascension",
      "Assomption",
      "Astarté",
      "Astérie",
      "Astrée",
      "Astride",
      "Athalie",
      "Athanasie",
      "Athénaïs",
      "Athina",
      "Aube",
      "Aubertine",
      "Aude",
      "Audeline",
      "Audrey",
      "Augustine",
      "Aure",
      "Aurélie",
      "Aurélienne",
      "Aurelle",
      "Auriane",
      "Aurore",
      "Auxane",
      "Aveline",
      "Avigaëlle",
      "Avoye",
      "Axeline",
      "Axelle",
      "Aymardine",
      "Aymonde",
      "Azalée",
      "Azélie",
      "Azeline",
      "Barbe",
      "Basilisse",
      "Bathilde",
      "Béatrice",
      "Bénédicte",
      "Bérangère",
      "Bernadette",
      "Berthe",
      "Bertille",
      "Betty",
      "Beuve",
      "Blanche",
      "Blandine",
      "Brigitte",
      "Brunehaut",
      "Brunehilde",
      "Camille",
      "Capucine",
      "Carine",
      "Caroline",
      "Cassandre",
      "Catherine",
      "Cécile",
      "Céleste",
      "Célestine",
      "Céline",
      "Chantal",
      "Charlaine",
      "Charline",
      "Charlotte",
      "Chloé",
      "Christelle",
      "Christiane",
      "Christine",
      "Claire",
      "Clara",
      "Claude",
      "Claudine",
      "Clarisse",
      "Clélie",
      "Clémence",
      "Clémentine",
      "Clio",
      "Clotilde",
      "Coline",
      "Conception",
      "Constance",
      "Coralie",
      "Coraline",
      "Corentine",
      "Corinne",
      "Cyrielle",
      "Danielle",
      "Daphné",
      "Débora",
      "Delphine",
      "Denise",
      "Diane",
      "Dieudonnée",
      "Dominique",
      "Doriane",
      "Dorine",
      "Dorothée",
      "Douce",
      "Édith",
      "Edmée",
      "Éléonore",
      "Éliane",
      "Élia",
      "Élisabeth",
      "Élise",
      "Ella",
      "Élodie",
      "Éloïse",
      "Elsa",
      "Émeline",
      "Émérance",
      "Émérencie",
      "Émilie",
      "Emma",
      "Emmanuelle",
      "Emmelie",
      "Ernestine",
      "Esther",
      "Estelle",
      "Eudoxie",
      "Eugénie",
      "Eulalie",
      "Euphrasie",
      "Eusébie",
      "Évangéline",
      "Eva",
      "Ève",
      "Évelyne",
      "Fanny",
      "Fantine",
      "Faustine",
      "Félicie",
      "Frédérique",
      "Flavie",
      "Fleur",
      "Flore",
      "Florence",
      "Florie",
      "Fortunée",
      "France",
      "Francette",
      "Francia",
      "Françoise",
      "Francine",
      "Gabrielle",
      "Gaëlle",
      "Garance",
      "Geneviève",
      "Georgette",
      "Gerberge",
      "Germaine",
      "Gertrude",
      "Gisèle",
      "Guenièvre",
      "Guilhemine",
      "Guillemette",
      "Gustavine",
      "Gwenaëlle",
      "Hélène",
      "Héloïse",
      "Henriette",
      "Hermine",
      "Hippolyte",
      "Honorine",
      "Hortense",
      "Huguette",
      "Inès",
      "Irène",
      "Irina",
      "Iris",
      "Isabeau",
      "Isabelle",
      "Iseult",
      "Ismérie",
      "Jacinthe",
      "Jacqueline",
      "Jade",
      "Janine",
      "Jeanne",
      "Jeanne d’Arc",
      "Jehanne",
      "Jocelyne",
      "Joëlle",
      "Joséphine",
      "Judith",
      "Julia",
      "Julie",
      "Juliette",
      "Justine",
      "Laura",
      "Laurane",
      "Laure",
      "Laureline",
      "Laurence",
      "Laurène",
      "Lauriane",
      "Laurine",
      "Léa",
      "Léna",
      "Léopoldine",
      "Léonie",
      "Léonne",
      "Lorraine",
      "Lucie",
      "Lucienne",
      "Lucille",
      "Ludivine",
      "Lydie",
      "Mégane",
      "Madeleine",
      "Magali",
      "Maguelone",
      "Mahaut",
      "Mallaury",
      "Manon",
      "Marceline",
      "Margot",
      "Marguerite",
      "Marianne",
      "Marie",
      "Marine",
      "Marion",
      "Marlène",
      "Marthe",
      "Martine",
      "Mathilde",
      "Maud",
      "Maureen",
      "Mauricette'",
      "Maxellende",
      "Maxime",
      "Mélanie",
      "Mélissa",
      "Mélissandre",
      "Mélisande",
      "Mélodie",
      "Michèle",
      "Mireille",
      "Miriam",
      "Moïsette",
      "Monique",
      "Morgane",
      "Muriel",
      "Mylène",
      "Nadège",
      "Nadine",
      "Nathalie",
      "Nicole",
      "Nine",
      "Noëlle",
      "Noémie",
      "Océane",
      "Odette",
      "Odile",
      "Olive",
      "Olympe",
      "Ombline",
      "Ophélie",
      "Oriande",
      "Oriane",
      "Orlane",
      "Ozanne",
      "Pascale",
      "Paule",
      "Paulette",
      "Pauline",
      "Priscille",
      "Pécine",
      "Pélagie",
      "Pénélope",
      "Perrine",
      "Pétronille",
      "Philippine",
      "Philomène",
      "Philothée",
      "Primerose",
      "Prudence",
      "Pulchérie",
      "Quentine",
      "Quiéta",
      "Quintia",
      "Rachel",
      "Raphaëlle",
      "Raymonde",
      "Rebecca",
      "Régine",
      "Reine",
      "Réjeanne",
      "Renée",
      "Rita",
      "Rolande",
      "Romane",
      "Rosalie",
      "Rose",
      "Roseline",
      "Sabine",
      "Salomé",
      "Sandra",
      "Sandrine",
      "Sarah",
      "Scholastique",
      "Ségolène",
      "Séverine",
      "Sibylle",
      "Simone",
      "Sixtine",
      "Solange",
      "Soline",
      "Sophie",
      "Stéphanie",
      "Suzanne",
      "Suzon",
      "Sylviane",
      "Sylvie",
      "Swassane",
      "Tatiana",
      "Thaïs",
      "Théodora",
      "Thérèse",
      "Tiphaine",
      "Ursule",
      "Valentine",
      "Valérie",
      "Véronique",
      "Victoire",
      "Vinciane",
      "Violette",
      "Virginie",
      "Viviane",
      "Xavière",
      "Yolande",
      "Ysaline",
      "Yseult",
      "Yvette",
      "Yvonne",
      "Zoé",
      "Zoéva"
    ],
    "last_name": [
      "Martin",
      "Bernard",
      "Dubois",
      "Thomas",
      "Robert",
      "Richard",
      "Petit",
      "Durand",
      "Leroy",
      "Moreau",
      "Simon",
      "Laurent",
      "Lefebvre",
      "Michel",
      "Garcia",
      "David",
      "Bertrand",
      "Roux",
      "Vincent",
      "Fournier",
      "Morel",
      "Girard",
      "Andre",
      "Lefevre",
      "Mercier",
      "Dupont",
      "Lambert",
      "Bonnet",
      "Francois",
      "Martinez",
      "Legrand",
      "Garnier",
      "Faure",
      "Rousseau",
      "Blanc",
      "Guerin",
      "Muller",
      "Henry",
      "Roussel",
      "Nicolas",
      "Perrin",
      "Morin",
      "Mathieu",
      "Clement",
      "Gauthier",
      "Dumont",
      "Lopez",
      "Fontaine",
      "Chevalier",
      "Robin",
      "Masson",
      "Sanchez",
      "Gerard",
      "Nguyen",
      "Boyer",
      "Denis",
      "Lemaire",
      "Duval",
      "Joly",
      "Gautier",
      "Roger",
      "Roche",
      "Roy",
      "Noel",
      "Meyer",
      "Lucas",
      "Meunier",
      "Jean",
      "Perez",
      "Marchand",
      "Dufour",
      "Blanchard",
      "Marie",
      "Barbier",
      "Brun",
      "Dumas",
      "Brunet",
      "Schmitt",
      "Leroux",
      "Colin",
      "Fernandez",
      "Pierre",
      "Renard",
      "Arnaud",
      "Rolland",
      "Caron",
      "Aubert",
      "Giraud",
      "Leclerc",
      "Vidal",
      "Bourgeois",
      "Renaud",
      "Lemoine",
      "Picard",
      "Gaillard",
      "Philippe",
      "Leclercq",
      "Lacroix",
      "Fabre",
      "Dupuis",
      "Olivier",
      "Rodriguez",
      "Da silva",
      "Hubert",
      "Louis",
      "Charles",
      "Guillot",
      "Riviere",
      "Le gall",
      "Guillaume",
      "Adam",
      "Rey",
      "Moulin",
      "Gonzalez",
      "Berger",
      "Lecomte",
      "Menard",
      "Fleury",
      "Deschamps",
      "Carpentier",
      "Julien",
      "Benoit",
      "Paris",
      "Maillard",
      "Marchal",
      "Aubry",
      "Vasseur",
      "Le roux",
      "Renault",
      "Jacquet",
      "Collet",
      "Prevost",
      "Poirier",
      "Charpentier",
      "Royer",
      "Huet",
      "Baron",
      "Dupuy",
      "Pons",
      "Paul",
      "Laine",
      "Carre",
      "Breton",
      "Remy",
      "Schneider",
      "Perrot",
      "Guyot",
      "Barre",
      "Marty",
      "Cousin"
    ],
    "prefix": [
      "M",
      "Mme",
      "Mlle",
      "Dr",
      "Prof"
    ],
    "title": {
      "job": [
        "Superviseur",
        "Executif",
        "Manager",
        "Ingenieur",
        "Specialiste",
        "Directeur",
        "Coordinateur",
        "Administrateur",
        "Architecte",
        "Analyste",
        "Designer",
        "Technicien",
        "Developpeur",
        "Producteur",
        "Consultant",
        "Assistant",
        "Agent",
        "Stagiaire"
      ]
    },
    "name": [
      "#{prefix} #{first_name} #{last_name}",
      "#{first_name} #{last_name}",
      "#{last_name} #{first_name}"
    ]
  },
  "phone_number": {
    "formats": [
      "01########",
      "02########",
      "03########",
      "04########",
      "05########",
      "06########",
      "07########",
      "+33 1########",
      "+33 2########",
      "+33 3########",
      "+33 4########",
      "+33 5########",
      "+33 6########",
      "+33 7########"
    ]
  },
  "date": {
    "month": {
      "wide": [
        "janvier",
        "février",
        "mars",
        "avril",
        "mai",
        "juin",
        "juillet",
        "août",
        "septembre",
        "octobre",
        "novembre",
        "décembre"
      ],
      "wide_context": [
        "janvier",
        "février",
        "mars",
        "avril",
        "mai",
        "juin",
        "juillet",
        "août",
        "septembre",
        "octobre",
        "novembre",
        "décembre"
      ],
      "abbr": [
        "janv.",
        "févr.",
        "mars",
        "avril",
        "mai",
        "juin",
        "juil.",
        "août",
        "sept.",
        "oct.",
        "nov.",
        "déc."
      ],
      "abbr_context": [
        "janv.",
        "févr.",
        "mars",
        "avril",
        "mai",
        "juin",
        "juil.",
        "août",
        "sept.",
        "oct.",
        "nov.",
        "déc."
      ]
    },
    "weekday": {
      "wide": [
        "Dimanche",
        "Lundi",
        "Mardi",
        "Mercredi",
        "Jeudi",
        "Vendredi",
        "Samedi"
      ],
      "wide_context": [
        "Dimanche",
        "Lundi",
        "Mardi",
        "Mercredi",
        "Jeudi",
        "Vendredi",
        "Samedi"
      ],
      "abbr": [
        "Dim",
        "Lun",
        "Mar",
        "Mer",
        "Jeu",
        "Ven",
        "Sam"
      ],
      "abbr_context": [
        "Dim",
        "Lun",
        "Mar",
        "Mer",
        "Jeu",
        "Ven",
        "Sam"
      ]
    }
  }
}