{
  "title": "Latvian",
  "separator": " un ",
  "name": {
    "male_first_name": [
      "Ainārs",
      "Alfrēds",
      "Aloīzs",
      "Aļģirds",
      "Aļģis",
      "Andris",
      "Andžejs",
      "Andžs",
      "Anrijs",
      "Anšlavs",
      "Arkādijs",
      "Armīns",
      "Artūrs",
      "Arvīds",
      "Ādams",
      "Ādolfs",
      "Ārijs",
      "Āris",
      "Boļeslavs",
      "Broņislavs",
      "Dāgs",
      "Dāvids",
      "Dāvis",
      "Edgars",
      "Edvīns",
      "Eduards",
      "Edžus",
      "Egīls",
      "Einārs",
      "Eižens",
      "Elmārs",
      "Emīls",
      "Ermīns",
      "Ervīns",
      "Ēriks",
      "Ēvalds",
      "Gunārs",
      "Ģederts",
      "Ģirts",
      "Ilgmārs",
      "Ilmārs",
      "Inārs",
      "Indriķis",
      "Ingmārs",
      "Jānis",
      "Jāzeps",
      "Jevgeņijs",
      "Jēkabs",
      "Jurģis",
      "Jūlijs",
      "Kārlis",
      "Klāvs",
      "Konrāds",
      "Konstantīns",
      "Kristiāns",
      "Krišjānis",
      "Krišs",
      "Leonīds",
      "Marģers",
      "Matīss",
      "Mārcis",
      "Māris",
      "Mārtiņš",
      "Miķelis",
      "Monvīds",
      "Niklāvs",
      "Ojārs",
      "Oļegs",
      "Oļģerts",
      "Pāvils",
      "Pēteris",
      "Regnārs",
      "Renārs",
      "Ričards",
      "Romāns",
      "Rūdis",
      "Rūdolfs",
      "Rūsiņš",
      "Tālis",
      "Tālivaldis",
      "Tālrīts",
      "Uģis",
      "Valdemārs",
      "Valentīns",
      "Valērijs",
      "Vilmārs",
      "Vitālijs",
      "Voldemārs",
      "Zigfrīds",
      "Zigmārs",
      "Žanis"
    ],
    "male_last_name": [
      "Aigars",
      "Alksnis",
      "Andersons",
      "Aspers",
      "Auziņš",
      "Ābele",
      "Āboliņš",
      "Āboltiņš",
      "Balodis",
      "Beļavskis",
      "Bergmanis",
      "Bērziņš",
      "Bērzīts",
      "Birziņš",
      "Birznieks",
      "Bīriņš",
      "Blaus",
      "Blekte",
      "Breņķis",
      "Briedis",
      "Brunkevičs",
      "Builis",
      "Bušs",
      "Caune",
      "Cālītis",
      "Cīrulis",
      "Čudars",
      "Danielsons",
      "Dīriķis",
      "Dombrovskis",
      "Dreimanis",
      "Dzenis",
      "Eglītis",
      "Endziņš",
      "Fogelis",
      "Freimanis",
      "Gailis",
      "Gailītis",
      "Gibala",
      "Graudiņš",
      "Gribusts",
      "Grīnbergs",
      "Grūbe",
      "Jansons",
      "Jēkabsons",
      "Jukums",
      "Kalējs",
      "Kalniņš",
      "Karlsons",
      "Kauliņš",
      "Kārkliņš",
      "Kļaviņš",
      "Kohs",
      "Koks",
      "Krancis",
      "Krastiņš",
      "Kraulis",
      "Krauze",
      "Krēsliņš",
      "Krieviņš",
      "Krievs",
      "Kronbergs",
      "Krūmiņš",
      "Kulmanis",
      "Laiviņš",
      "Landmanis",
      "Lapiņš",
      "Lapsiņš",
      "Lasmanis",
      "Laubergs",
      "Lācis",
      "Legzdiņš",
      "Lielmanis",
      "Liepiņš",
      "Līcis",
      "Līdaks",
      "Ločs",
      "Lodiņš",
      "Lūsis",
      "Matisons",
      "Mednis",
      "Meiers",
      "Mekšs",
      "Melderis",
      "Melngailis",
      "Mihailovs",
      "Miķelsons",
      "Niedra",
      "Osis",
      "Ostrovskis",
      "Ozers",
      "Ozoliņš",
      "Ozols",
      "Palters",
      "Pavlovskis",
      "Pencis",
      "Petrovskis",
      "Pērkons",
      "Pētersons",
      "Podziņš",
      "Polis",
      "Pretkalniņš",
      "Priedītis",
      "Puķītis",
      "Putniņš",
      "Riekstiņš",
      "Romanovskis",
      "Rozenbahs",
      "Rozītis",
      "Rubenis",
      "Rudzītis",
      "Runcis",
      "Salmiņš",
      "Seržants",
      "Sietnieks",
      "Siliņš",
      "Sīlis",
      "Skudra",
      "Smuģis",
      "Sproģis",
      "Sprūde",
      "Strautiņš",
      "Strautmanis",
      "Strazdiņš",
      "Širovs",
      "Šīrants",
      "Šmits",
      "Šteins",
      "Tālbergs",
      "Teicāns",
      "Tiltiņš",
      "Tīrelis",
      "Tučs",
      "Ūdris",
      "Valters",
      "Vasils",
      "Vecumnieks",
      "Veinbergs",
      "Veiss",
      "Vilks",
      "Vilsons",
      "Viļums",
      "Vinters",
      "Vītiņš",
      "Vītoliņš",
      "Vītols",
      "Vītums",
      "Vollis",
      "Zariņš",
      "Zālītis",
      "Zeidmanis",
      "Zeltiņš",
      "Ziemelis",
      "Zībers",
      "Zunda",
      "Zvaigzne",
      "Zvejnieks",
      "Zvinelis",
      "Mucenieks",
      "Melderis",
      "Dzirkalis",
      "Arājs",
      "Sējējs",
      "Podnieks",
      "Ratnieks",
      "Deģis",
      "Bondars",
      "Sondors",
      "Namiķis",
      "Jumiķis",
      "Muižnieks",
      "Bajārs",
      "Ķēniņš",
      "Ķeizars",
      "Barons",
      "Vaivads",
      "Zviedrs",
      "Vācietis",
      "Lejiņš",
      "Vanags",
      "Rubenis",
      "Celms",
      "Liepa",
      "Kalns",
      "Celmiņš",
      "Lejnieks",
      "Bisenieks",
      "Kurzemnieks",
      "Saulietis",
      "Pakalnietis",
      "Pridāns",
      "Grodums",
      "Kalnājs",
      "Porgants",
      "Sukuts",
      "Meškūns",
      "Rožkalns",
      "Mazjānis",
      "Latkovskis",
      "Jankovskis",
      "Šileiko",
      "Budreiko",
      "Ivanovs",
      "Morozovs",
      "Logins",
      "Gasjūns",
      "Pauļuks",
      "Sosārs",
      "Meškūns"
    ],
    "female_first_name": [
      "Aīda",
      "Akvelīna",
      "Albertīne",
      "Alvīne",
      "Amālija",
      "Astrīda",
      "Aurēlija",
      "Ārija",
      "Baņuta",
      "Bārbala",
      "Beāte",
      "Dagmāra",
      "Dainuvīte",
      "Dārta",
      "Diāna",
      "Dzirkstīte",
      "Dzīle",
      "Edīte",
      "Elfrīda",
      "Elīna",
      "Elīza",
      "Elmīra",
      "Elvīra",
      "Emīlija",
      "Ernestīne",
      "Evelīna",
      "Ērika",
      "Frīda",
      "Gabriela",
      "Gudrīte",
      "Ģertrūde",
      "Helēna",
      "Hermīne",
      "Ināra",
      "Ingrīda",
      "Ingūna",
      "Irēna",
      "Īrisa",
      "Janīna",
      "Jasmīna",
      "Jautrīte",
      "Judīte",
      "Justīne",
      "Jūlija",
      "Jūsma",
      "Karīna",
      "Katrīna",
      "Klāra",
      "Kristiāna",
      "Kristīne",
      "Lavīze",
      "Lāsma",
      "Leonīda",
      "Leontīne",
      "Liāna",
      "Liliāna",
      "Lība",
      "Līga",
      "Līksma",
      "Līna",
      "Līva",
      "Līvija",
      "Līze",
      "Luīze",
      "Lūcija",
      "Malvīne",
      "Māra",
      "Mārīte",
      "Mētra",
      "Modrīte",
      "Mudīte",
      "Olīvija",
      "Otīlija",
      "Patrīcija",
      "Paulīne",
      "Pārsla",
      "Regīna",
      "Renāte",
      "Rudīte",
      "Rūta",
      "Sabīne",
      "Sarmīte",
      "Saulcerīte",
      "Skaidrīte",
      "Spīdola",
      "Tamāra",
      "Terēze",
      "Tīna",
      "Trīne",
      "Undīne",
      "Valentīna",
      "Valērija",
      "Vēsma",
      "Vijolīte",
      "Vilhelmīne",
      "Vizbulīte",
      "Zeltīte",
      "Ziedīte",
      "Zigfrīda",
      "Zigrīda",
      "Zīle",
      "Žanete",
      "Žanna",
      "Ženija",
      "Žubīte"
    ],
    "female_last_name": [
      "Aigare",
      "Alksne",
      "Andersone",
      "Aspere",
      "Auziņa",
      "Ābele",
      "Āboliņa",
      "Āboltiņa",
      "Balode",
      "Beļavske",
      "Bergmane",
      "Bērziņa",
      "Bērzīte",
      "Birziņa",
      "Birzniece",
      "Bīriņa",
      "Blaua",
      "Blekte",
      "Breņķe",
      "Briede",
      "Brunkeviča",
      "Buile",
      "Buša",
      "Cauna",
      "Cālīte",
      "Cīrule",
      "Čudara",
      "Danielsone",
      "Dīriķe",
      "Dombrovska",
      "Dreimane",
      "Dzene",
      "Eglīte",
      "Endziņa",
      "Fogele",
      "Freimane",
      "Gaile",
      "Gailīte",
      "Gibala",
      "Graudiņa",
      "Gribuste",
      "Grīnberga",
      "Grūba",
      "Jansone",
      "Jēkabsone",
      "Jukuma",
      "Kalēja",
      "Kalniņa",
      "Karlsone",
      "Kauliņa",
      "Kārkliņa",
      "Kļaviņa",
      "Koha",
      "Koka",
      "Krance",
      "Krastiņa",
      "Kraule",
      "Krauze",
      "Krēsliņa",
      "Krieviņa",
      "Krieva",
      "Kronberga",
      "Krūmiņa",
      "Kulmane",
      "Laiviņa",
      "Landmane",
      "Lapiņa",
      "Lapsiņa",
      "Lasmane",
      "Lauberga",
      "Lāce",
      "Legzdiņa",
      "Lielmane",
      "Liepiņa",
      "Līce",
      "Līdaka",
      "Loča",
      "Lodiņa",
      "Lūse",
      "Matisone",
      "Medne",
      "Meiere",
      "Mekša",
      "Meldere",
      "Melngaile",
      "Mihailova",
      "Miķelsone",
      "Niedra",
      "Ose",
      "Ostrovska",
      "Ozere",
      "Ozoliņa",
      "Ozola",
      "Paltere",
      "Pavlovska",
      "Pence",
      "Petrovska",
      "Pērkona",
      "Pētersone",
      "Podziņa",
      "Pole",
      "Pretkalniņa",
      "Priedīte",
      "Puķīte",
      "Putniņa",
      "Riekstiņa",
      "Romanovska",
      "Rozenbaha",
      "Rozīte",
      "Rubene",
      "Rudzīte",
      "Runce",
      "Salmiņa",
      "Seržante",
      "Sietniece",
      "Siliņa",
      "Sīle",
      "Skudra",
      "Smuģe",
      "Sproģe",
      "Sprūde",
      "Strautiņa",
      "Strautmane",
      "Strazdiņa",
      "Širova",
      "Šīrante",
      "Šmite",
      "Šteina",
      "Tālberga",
      "Teicāne",
      "Tiltiņa",
      "Tīrele",
      "Tuča",
      "Ūdre",
      "Valtere",
      "Vasile",
      "Vecumniece",
      "Veinberga",
      "Veisa",
      "Vilka",
      "Vilsone",
      "Viļuma",
      "Vintere",
      "Vītiņa",
      "Vītoliņa",
      "Vītola",
      "Vītuma",
      "Volle",
      "Zariņa",
      "Zālīte",
      "Zeidmane",
      "Zeltiņa",
      "Ziemele",
      "Zībere",
      "Zunda",
      "Zvaigzne",
      "Zvejniece",
      "Zvinele",
      "Muceniece",
      "Meldere",
      "Dzirkale",
      "Arāja",
      "Sējēja",
      "Podniece",
      "Ratniece",
      "Deģe",
      "Bondare",
      "Sondore",
      "Namiķe",
      "Jumiķe",
      "Muižniece",
      "Bajāre",
      "Ķēniņa",
      "Ķeizare",
      "Barone",
      "Vaivade",
      "Zviedre",
      "Vāciete",
      "Lejiņa",
      "Vanaga",
      "Rubene",
      "Celma",
      "Liepa",
      "Kalna",
      "Celmiņa",
      "Lejniece",
      "Biseniece",
      "Kurzemniece",
      "Sauliete",
      "Pakalniete",
      "Pridāne",
      "Groduma",
      "Kalnāja",
      "Porgante",
      "Sukute",
      "Meškūna",
      "Rožkalne",
      "Mazjāne",
      "Latkovska",
      "Jankovska",
      "Šileiko",
      "Budreiko",
      "Ivanova",
      "Morozova",
      "Logina",
      "Gasjūne",
      "Pauļuka",
      "Sosāre",
      "Meškūne"
    ],
    "title": {
      "descriptor": [
        "Galvenais",
        "Vecākais",
        "Tiešo",
        "Korporatīvās",
        "Produktu",
        "Reģionālās",
        "Rajona",
        "Klientu",
        "Investīciju",
        "Starptautiskās",
        "Iekšējās",
        "Personu"
      ],
      "level": [
        "risinājumu",
        "programmu",
        "drošības",
        "izpētes",
        "mārketinga",
        "vadības",
        "izveides",
        "integrāciju",
        "funkcionalitātes",
        "taktikas",
        "identitātes",
        "tirgus",
        "grupas",
        "nodaļas",
        "pielietojumu",
        "optimizācijas",
        "operāciju",
        "infrastruktūras",
        "intraneta",
        "sakaru",
        "kvalitātes",
        "mobilitātes",
        "kontu",
        "datu",
        "kreatīvais",
        "konfigurācijas",
        "grāmatojumu",
        "sadarbības",
        "lietojamības",
        "mērījumu"
      ],
      "job": [
        "uzraugs",
        "vadītājs",
        "pārstāvis",
        "oficieris",
        "menedžers",
        "inženieris",
        "speciālists",
        "direktors",
        "koordinators",
        "administrators",
        "arhitekts",
        "analītiķis",
        "dizainers",
        "plānotājs",
        "pārraugs",
        "tehniķis",
        "izstrādātājs",
        "producents",
        "konsultants",
        "asistents",
        "aģents",
        "stratēģis"
      ]
    },
    "prefix": [
      "Prof.",
      "Dr.",
      "Biedrs"
    ],
    "suffix": [
      "k-dze",
      "kundze"
    ],
    "name": [
      "#{prefix} #{male_first_name} #{male_last_name}",
      "#{male_first_name} #{male_last_name}",
      "#{male_last_name} #{male_first_name}",
      "#{male_first_name} #{male_first_name} #{male_last_name}",
      "#{male_first_name} #{male_last_name}-#{male_last_name}",
      "##{prefix} {female_first_name} #{female_last_name}",
      "#{female_first_name} #{female_last_name} #{suffix}",
      "#{female_first_name} #{female_last_name}",
      "#{female_last_name} #{female_first_name}",
      "#{female_first_name} #{female_first_name} #{female_last_name}",
      "#{female_first_name} #{female_last_name}-#{female_last_name}"
    ]
  },
  "date": {
    "month": {
      "wide": [
        "janvāris",
        "februāris",
        "marts",
        "aprīlis",
        "maijs",
        "jūnijs",
        "jūlijs",
        "augusts",
        "septembris",
        "oktobris",
        "novembris",
        "decembris"
      ],
      "wide_context": [
        "janvārī",
        "februārī",
        "martā",
        "aprīlī",
        "maijā",
        "jūnijā",
        "jūlijā",
        "augustā",
        "septembrī",
        "oktobrī",
        "novembrī",
        "decembrī"
      ],
      "abbr": [
        "jan.",
        "feb.",
        "mar.",
        "apr.",
        "mai.",
        "jūn.",
        "jūl.",
        "aug.",
        "sep.",
        "okt.",
        "nov.",
        "dec."
      ],
      "abbr_context": [
        "janv.",
        "febr.",
        "mar.",
        "apr.",
        "mai.",
        "jūn.",
        "jūl.",
        "aug.",
        "sept.",
        "okt.",
        "nov.",
        "dec."
      ]
    },
    "weekday": {
      "wide": [
        "Svētdiena",
        "Pirmdiena",
        "Otrdiena",
        "Trešdiena",
        "Ceturtdiena",
        "Piektdiena",
        "Sestdiena"
      ],
      "wide_context": [
        "svētdien",
        "pirmdien",
        "otrdien",
        "trešdien",
        "ceturtdien",
        "piektdien",
        "sestdien"
      ],
      "abbr": [
        "Pr",
        "Ot",
        "Tr",
        "Ct",
        "Pk",
        "Se",
        "Sv"
      ],
      "abbr_context": [
        "sv.",
        "pr.",
        "otr.",
        "tr.",
        "cet.",
        "pk.",
        "se."
      ]
    }
  },
  "address": {
    "country": [
      "Andora",
      "Apvienotie Arābu Emirāti",
      "Afganistāna",
      "Albānija",
      "Armēnija",
      "Antiļas",
      "Angola",
      "Antarktika",
      "Argentīna",
      "Amerikāņu Samoa",
      "Austrija",
      "Austrālija",
      "Azerbaidžāna",
      "Bosnija un Hercegovina",
      "Barbadosa",
      "Bangladeša",
      "Beļģija",
      "Burkinafaso",
      "Bulgārija",
      "Bahreina",
      "Burundija",
      "Benina",
      "Bruneja",
      "Bolīvija",
      "Brazīlija",
      "Butāna",
      "Buvē sala",
      "Botsvāna",
      "Baltkrievija",
      "Beliza",
      "Kanāda",
      "Kongo",
      "Šveice",
      "Kotdivuāra",
      "Kuka salas",
      "Čīle",
      "Kamerūna",
      "Ķīna",
      "Kolumbija",
      "Kostarika",
      "Kuba",
      "Kaboverde",
      "Kipra",
      "Čehija",
      "Vācija",
      "Dānija",
      "Dominika",
      "Alžīrija",
      "Ekvadora",
      "Igaunija",
      "Ēģipte",
      "Spānija",
      "Etiopija",
      "Somija",
      "Fidži",
      "Francija",
      "Gabona",
      "Lielbritānija",
      "Grenāda",
      "Gruzija",
      "Gana",
      "Grenlande",
      "Gambija",
      "Gvineja",
      "Gvadelupa",
      "Grieķija",
      "Gvatemala",
      "Guama",
      "Gajāna",
      "Honkonga",
      "Hondurasa",
      "Horvātija",
      "Haiti",
      "Ungārija",
      "Indonēzija",
      "Īrija",
      "Izraēla",
      "Indija",
      "Irāka",
      "Irāna",
      "Islande",
      "Itālija",
      "Jamaika",
      "Jordānija",
      "Japāna",
      "Kenija",
      "Kirgizstāna",
      "Kambodža",
      "Korejas Tautas Demokrātiskā Republika",
      "Korejas Republika",
      "Kuveita",
      "Kaimanu salas",
      "Kazahstāna",
      "Laosa",
      "Libāna",
      "Lihtenšteina",
      "Šrilanka",
      "Libērija",
      "Lesoto",
      "Lietuva",
      "Luksemburga",
      "Latvija",
      "Lībija",
      "Maroka",
      "Monako",
      "Moldova",
      "Madagaskara",
      "Maķedonija",
      "Mali",
      "Mongolija",
      "Makao",
      "Martinika",
      "Mauritānija",
      "Montserrata",
      "Malta",
      "Maurīcija",
      "Maldīvija",
      "Malāvija",
      "Meksika",
      "Malaizija",
      "Mozambika",
      "Namībija",
      "Nigēra",
      "Nigērija",
      "Nikaragva",
      "Nīderlande",
      "Norvēģija",
      "Nepāla",
      "Jaunzēlande",
      "Omāna",
      "Panama",
      "Peru",
      "Filipīnas",
      "Pakistāna",
      "Polija",
      "Puertoriko",
      "Portugāle",
      "Paragvaja",
      "Katara",
      "Rumānija",
      "Krievija",
      "Ruanda",
      "Saūda Arābija",
      "Sudāna",
      "Zviedrija",
      "Singapūra",
      "Slovēnija",
      "Slovākija",
      "Sjerraleone",
      "Sanmarīno",
      "Senegāla",
      "Somālija",
      "Surinama",
      "Salvadora",
      "Sīrija",
      "Svazilenda",
      "Čada",
      "Togo",
      "Taizeme",
      "Tadžikistāna",
      "Turkmenistāna",
      "Tunisija",
      "Tonga",
      "Turcija",
      "Taivāna",
      "Tanzānija",
      "Ukraina",
      "Uganda",
      "Amerikas Savienotās Valstis",
      "Urugvaja",
      "Uzbekistāna",
      "Venecuēla",
      "Vjetnama",
      "Jemena",
      "Zambija",
      "Zimbabve"
    ],
    "building_number": [
      "###",
      "##"
    ],
    "street_suffix": [
      "iela",
      "bulvāris",
      "gatve",
      "gāte",
      "laukums",
      "dambis"
    ],
    "secondary_address": [
      "dz. ###",
      "- ###"
    ],
    "postcode": [
      "LV####",
      "LV-####"
    ],
    "state": [
      "Aizkraukles raj.",
      "Alūksnes raj.",
      "Baltijas jūra",
      "Balvu raj.",
      "Bauskas raj.",
      "Cēsu raj.",
      "Daugavpils raj.",
      "Dobeles raj.",
      "Gulbenes raj.",
      "Jēkabpils raj.",
      "Jelgavas raj.",
      "Jūrmala",
      "Krāslavas raj.",
      "Kuldīgas raj.",
      "Liepājas raj.",
      "Limbažu raj.",
      "Ludzas raj.",
      "Madonas raj.",
      "Ogres raj.",
      "Preiļu raj.",
      "Rēzeknes raj.",
      "Rīga un Rīgas raj.",
      "Saldus raj.",
      "Talsu raj.",
      "Tukuma raj.",
      "Valkas raj.",
      "Valmieras raj.",
      "Ventspils raj."
    ],
    "street_title": [
      "13. janvāra",
      "Admirāļu",
      "Airītes",
      "Akaču",
      "Akadēmijas",
      "Akadēmiķa Mstislava Keldiša",
      "Akāciju",
      "Aklā",
      "Akmeņu",
      "Aleksandra Bieziņa",
      "Aleksandra Čaka",
      "Alfrēda Kalniņa",
      "Alīses",
      "Alksnāja",
      "Amālijas",
      "Anglikāņu",
      "Anniņmuižas",
      "Anniņmuižas",
      "Apakšgrāvja",
      "Apmetņu",
      "Apriķu",
      "Arsenāla",
      "Artilērijas",
      "Asītes",
      "Atgāzenes",
      "Atgriežu",
      "Atpūtas",
      "Audēju",
      "Augļu",
      "Augšiela",
      "Augšzemes",
      "Ābolu",
      "Āpšu",
      "Ārlavas",
      "Babītes",
      "Baložu",
      "Baumaņa",
      "Bārbeles",
      "Bārddziņu",
      "Bāriņu",
      "Bātas",
      "Beverīnas",
      "Bērzlapu",
      "Bērzupes",
      "Bieķensalas",
      "Biešu",
      "Bišu",
      "Bīskapa",
      "Blaumaņa",
      "Blīdenes",
      "Bramberģes",
      "Brigādes",
      "Briņģu",
      "Brīvības",
      "Brīvības",
      "Bruņinieku",
      "Brūkleņu",
      "Bukaišu",
      "Centrāltirgus",
      "Cepļa",
      "Cēres",
      "Cigoriņu",
      "Cīruļu",
      "Čuguna",
      "Dandāles",
      "Dauguļu",
      "Dāliju",
      "Dārzaugļu",
      "Dārzciema",
      "Dārziņu",
      "Dignājas",
      "Dikļu",
      "Dīķa",
      "Dreiliņu",
      "Dricānu",
      "Dzelzceļa",
      "Dzeņu",
      "Dzērvju",
      "Džūkstes",
      "Ernesta Birznieka-Upīša",
      "Ernestīnes",
      "Ērgļu",
      "Festivāla",
      "Firsa Sadovņikova",
      "Friča Brīvzemnieka",
      "Fridriķa",
      "Gaiziņa",
      "Gleznotāju",
      "Glūdas",
      "Gogoļa",
      "Granīta",
      "Grebenščikova",
      "Grenču",
      "Grēcinieku",
      "Grēdu",
      "Grīšļu",
      "Grobiņas",
      "Ģertrūdes",
      "Ģimnastikas",
      "Hermaņa",
      "Ikšķiles",
      "Ilmājas",
      "Indriķa",
      "Inženieru",
      "Īsā",
      "Īvandes",
      "Īves",
      "Jasmuižas",
      "Jāņa",
      "Jāņa Asara",
      "Jāņa Čakstes",
      "Jāņa Endzelīna",
      "Jāņa Grestes",
      "Jāņavārtu",
      "Jāņogu",
      "Jēkaba",
      "Jēkabpils",
      "Jēzusbaznīcas",
      "Jukuma Vācieša",
      "Jūrkalnes",
      "Kalēju",
      "Kalētu",
      "Kaļķu",
      "Kameņu",
      "Kaņiera",
      "Kapseļu",
      "Kartupeļu",
      "Katoļu",
      "Kāļu",
      "Kārļa Ulmaņa",
      "Kārsavas",
      "Klāņu",
      "Komētas",
      "Konrāda",
      "Kraukļu",
      "Krāmu",
      "Krāslavas",
      "Krāsotāju",
      "Krišjāņa Barona",
      "Krišjāņa Valdemāra",
      "Krīdenera",
      "Krūzes",
      "Kukšu",
      "Kursīšu",
      "Kviešu",
      "Ķekavas",
      "Ķemeru",
      "Ķengaraga",
      "Ķēniņu",
      "Ķivuļu",
      "Latviešu strēlnieku",
      "Lavīzes",
      "Lāčplēša",
      "Lieģu",
      "Liepājas",
      "Lībagu",
      "Līdaku",
      "Līdera",
      "Līksnas",
      "Līvānu",
      "Līvciema",
      "Līves",
      "Lokomotīves",
      "Lubānas",
      "Ludviķa",
      "Lutriņu",
      "Ļaudonas",
      "Ļermontova",
      "Magoņu",
      "Makša",
      "Malēju",
      "Matīsa",
      "Mazā Bauskas",
      "Mazā Bišu",
      "Mazā Cepļa",
      "Mazā Jaunavu",
      "Mazā Kalna",
      "Mazā Krasta",
      "Mazā Lubānas",
      "Mazā Matīsa",
      "Mazā Miesnieku",
      "Mazā Monētu",
      "Mazā Muzeja",
      "Mazā Nometņu",
      "Mazā Pils",
      "Mazā Smilšu",
      "Mazā Stērstu",
      "Mazā Trokšņu",
      "Mālu",
      "Māras aleja",
      "Mārstaļu",
      "Mārupes",
      "Merķeļa",
      "Mežkalna",
      "Mežmalas",
      "Mežotnes",
      "Mēmeles",
      "Mērsraga",
      "Mūku",
      "Mūkupurva",
      "Mūkusalas",
      "Mūrnieku",
      "Naudītes",
      "Nāras",
      "Neļķu",
      "Nēģu",
      "Nīgrandes",
      "Nīkrāces",
      "Ojāra Vācieša",
      "Olīvu",
      "Ormaņu",
      "Pampāļu",
      "Paula Lejiņa",
      "Pārmiju",
      "Pārslas",
      "Pērkones",
      "Pērnavas",
      "Pērses",
      "Pēterbaznīcas",
      "Pilsoņu",
      "Pīpeņu",
      "Planīcas",
      "Plaužu",
      "Pleskodāles",
      "Plēnes",
      "Plēsuma",
      "Plūmju",
      "Pļavas",
      "Pļaviņu",
      "Pļavnieku",
      "Poļu",
      "Prāgas",
      "Preiļu",
      "Prūšu",
      "Purmsātu",
      "Puškina",
      "Pūpolu",
      "Raiņa",
      "Raņķa",
      "Raušu",
      "Rāceņu",
      "Rencēnu",
      "Rēzeknes",
      "Rēznas",
      "Riharda Vāgnera",
      "Rikšotāju",
      "Rīdzenes",
      "Rītausmas",
      "Rītupes",
      "Robežu",
      "Rubeņkalna",
      "Rudbāržu",
      "Rušonu",
      "Rūdolfa",
      "Rūjienas",
      "Rūsiņa",
      "Sapņu",
      "Sarkanā",
      "Sārtes",
      "Sātiņu",
      "Sējas",
      "Sērenes",
      "Sieksātes",
      "Sīpeles",
      "Sīpolu",
      "Skaņu",
      "Skārņu",
      "Skrīnes",
      "Slāvu",
      "Smārdes",
      "Smilšu",
      "Spaļu",
      "Sparģeļu",
      "Spāres",
      "Spārnu",
      "Speķa",
      "Spīdolas",
      "Spīķeru",
      "Staļģenes",
      "Stāvā",
      "Stērstu",
      "Stopiņu",
      "Strenču",
      "Strūgu",
      "Suntažu",
      "Sūnu",
      "Svētes",
      "Šampētera",
      "Šaurā",
      "Šautuves",
      "Šķirotavas",
      "Šķūņu",
      "Tadaiķu",
      "Taisnā",
      "Teātra",
      "Tempļa",
      "Terēzes",
      "Tējas",
      "Tērbatas",
      "Tēriņu",
      "Tērvetes",
      "Tipogrāfijas",
      "Tirgoņu",
      "Tīnūžu",
      "Tīraines",
      "Tīreļa",
      "Tīruma",
      "Torņa",
      "Torņakalna",
      "Trokšņu",
      "Turgeņeva",
      "Ugāles",
      "Upesgrīvas",
      "Ūbeles",
      "Ūdensvada",
      "Vaiņodes",
      "Valdeķu",
      "Valtaiķu",
      "Vaļņu",
      "Varakļānu",
      "Varšavas",
      "Vārnu",
      "Vecpilsētas",
      "Velēnu",
      "Vēja",
      "Vienības",
      "Viesītes",
      "Viļānu",
      "Virānes",
      "Virsaišu",
      "Visvalža",
      "Višķu",
      "Zaķu",
      "Zaļenieku",
      "Zāļu",
      "Zeltiņu",
      "Zeļļu",
      "Zemaišu",
      "Zemitāna",
      "Zemītes",
      "Zuteņu",
      "Zvaigžņu",
      "Zvārdes",
      "Zvārtavas",
      "Žaņa Lipkes",
      "Žīguru",
      "Žubīšu"
    ],
    "city_name": [
      "Ainaži",
      "Aizkraukle",
      "Aizpute",
      "Aknīste",
      "Aloja",
      "Alūksne",
      "Ape",
      "Auce",
      "Baldone",
      "Baloži",
      "Balvi",
      "Bauska",
      "Brocēni",
      "Cēsis",
      "Cesvaine",
      "Dagda",
      "Daugavpils",
      "Dobele",
      "Durbe",
      "Grobiņa",
      "Gulbene",
      "Ikšķile",
      "Ilūkste",
      "Jaunjelgava",
      "Jēkabpils",
      "Jelgava",
      "Jūrmala",
      "Kandava",
      "Kārsava",
      "Krāslava",
      "Kuldīga",
      "Ķegums",
      "Lielvārde",
      "Liepāja",
      "Līgatne",
      "Limbaži",
      "Līvāni",
      "Lubāna",
      "Ludza",
      "Madona",
      "Mazsalaca",
      "Ogre",
      "Olaine",
      "Pāvilosta",
      "Piltene",
      "Pļaviņas",
      "Preiļi",
      "Priekule",
      "Rēzekne",
      "Rīga",
      "Rūjiena",
      "Sabile",
      "Salacgrīva",
      "Salaspils",
      "Saldus",
      "Saulkrasti",
      "Seda",
      "Sigulda",
      "Skrunda",
      "Smiltene",
      "Staicele",
      "Stende",
      "Strenči",
      "Subate",
      "Talsi",
      "Tukums",
      "Valdemārpils",
      "Valka",
      "Valmiera",
      "Vangaži",
      "Varakļāni",
      "Ventspils",
      "Viesīte",
      "Viļaka",
      "Viļāni",
      "Zilupe"
    ],
    "city": [
      "#{Address.city_name}"
    ],
    "street_name": [
      "#{Address.street_title} #{street_suffix}"
    ],
    "street_address": [
      "#{street_name} #{building_number}",
      "#{street_name} #{building_number} #{secondary_address}"
    ],
    "default_country": [
      "Latvija"
    ]
  },
  "phone_number": {
    "formats": [
      "(371)6#######",
      "+371 6#######",
      "6#######"
    ]
  },
  "cell_phone": {
    "formats": [
      "2#######",
      "(371) 2#######",
      "+371 2#######"
    ]
  },
  "commerce": {
    "color": [
      "sarkana",
      "zaļa",
      "zila",
      "dzeltena",
      "ruda",
      "zaļgan-zila",
      "balta",
      "melna",
      "oranža",
      "rozā",
      "pelēka",
      "sarkan-brūna",
      "violeta",
      "gaišzila",
      "zeltaina",
      "debess-zila",
      "olīv",
      "purpura",
      "krēma",
      "zelta",
      "красно-пурпурный",
      "lillā",
      "sudrabaina"
    ],
    "department": [
      "Grāmatu",
      "Filmu",
      "Mūzikas",
      "Spēļu",
      "Elektronikas",
      "Datoru",
      "Mājas",
      "Dārzkopības",
      "Bakaleja",
      "Veselības",
      "Skaistuma",
      "Rotaļlietu",
      "Bērnu",
      "Zīdaiņu",
      "Apģerba",
      "Apavu",
      "Dārglietu",
      "Sporta",
      "Tūrisma",
      "Auto",
      "Rūpniecības"
    ],
    "product_name": {
      "adjective": [
        "Mazs",
        "Ergonomisks",
        "Raupjš",
        "Vieds",
        "Lielisks",
        "Neticams",
        "Fantastisks",
        "Praktisks",
        "Spalvains",
        "Ciets",
        "Mīksts",
        "Rūgts"
      ],
      "material": [
        "dzelzs",
        "koka",
        "betona",
        "plastmasas",
        "kokvilnas",
        "granīta",
        "gumijas"
      ],
      "product": [
        "krēsls",
        "auto",
        "dators",
        "siksna",
        "gredzens",
        "galds",
        "džemperis",
        "zābaks",
        "kažoks",
        "radio",
        "skaļrunis",
        "monitors",
        "televizors",
        "skapis",
        "ritenis",
        "plakāts",
        "ceļarullis",
        "nazis",
        "plāksteris",
        "telefons",
        "pončiks"
      ]
    }
  },
  "company": {
    "prefix": [
      "SIA",
      "AS",
      "IU",
      "Bezp.Org.",
      "Firma",
      "Biedrība"
    ],
    "suffix": [
      "un partneri",
      "holdings",
      "grupa",
      "aģentūra"
    ],
    "name": [
      "#{prefix} #{Name.male_last_name}",
      "#{prefix} #{Name.male_last_name} #{suffix}",
      "#{prefix} #{Name.female_last_name} #{suffix}",
      "#{Name.male_last_name} un #{Name.male_last_name}",
      "#{Name.male_last_name}, #{Name.male_last_name} un #{Name.male_last_name}"
    ]
  },
  "internet": {
    "free_email": [
      "inbox.lv",
      "one.lv",
      "mail.lv",
      "outlook.lv",
      "apollo.lv",
      "yahoo.com",
      "hotmail.com",
      "gmail.com"
    ],
    "domain_suffix": [
      "lv",
      "com",
      "info",
      "net",
      "org"
    ]
  },
  "lorem": {
    "words": [
      "ā",
      "āb",
      "āččūšāmūš",
      "āččūšāņtīūm",
      "ād",
      "ādīpīščī",
      "āļīāš",
      "āļīqūām",
      "āļīqūīd",
      "āmēt",
      "āņīmī",
      "āpērīām",
      "ārčhītēčto",
      "āšpērīorēš",
      "āšpērņātūr",
      "āššūmēņdā",
      "āt",
      "ātqūē",
      "āūt",
      "āūtēm",
      "āūtēm",
      "bēātāē",
      "bļāņdītīīš",
      "čommodī",
      "čoņšēčtētūr",
      "čoņšēqūātūr",
      "čoņšēqūūņtūr",
      "čorporīš",
      "čorrūptī",
      "čūļpā",
      "čūm",
      "čūmqūē",
      "čūpīdītātē",
      "dēbītīš",
      "dēļēčtūš",
      "dēļēņītī",
      "dēšērūņt",
      "dīčtā",
      "dīģņīššīmoš",
      "dīštīņčtīo",
      "doļor",
      "doļorē",
      "doļorēm",
      "doļorēmqūē",
      "doļorēš",
      "doļorībūš",
      "doļorūm",
      "dūčīmūš",
      "ēā",
      "ēāqūē",
      "ēārūm",
      "ēīūš",
      "ēļīģēņdī",
      "ēņīm",
      "ēoš",
      "ērror",
      "ēššē",
      "ēšt",
      "ēt",
      "ēūm",
      "ēvēņīēt",
      "ēx",
      "ēxčēptūrī",
      "ēxērčītātīoņēm",
      "ēxpēdītā",
      "ēxpļīčābo",
      "fāčērē",
      "fāčīļīš",
      "fūģā",
      "fūģīāt",
      "fūģīt",
      "hārūm",
      "hīč",
      "īd",
      "īļļo",
      "īļļūm",
      "īmpēdīt",
      "īņ",
      "īņčīdūņt",
      "īņvēņtorē",
      "īpšā",
      "īpšām",
      "īpšūm",
      "īštē",
      "ītāqūē",
      "īūrē",
      "īūšto",
      "ļāborē",
      "ļāborīošām",
      "ļāborūm",
      "ļāūdāņtīūm",
      "ļībēro",
      "māģņām",
      "māģņī",
      "māīorēš",
      "māxīmē",
      "mīņīmā",
      "mīņūš",
      "modī",
      "moļēštīāē",
      "moļēštīāš",
      "moļļītīā",
      "ņām",
      "ņātūš",
      "ņēčēššītātībūš",
      "ņēmo",
      "ņēqūē",
      "ņēščīūņt",
      "ņīhīļ",
      "ņīšī",
      "ņobīš",
      "ņoņ",
      "ņoštrūm",
      "ņūļļā",
      "ņūmqūām",
      "oččāēčātī",
      "odīo",
      "odīt",
      "offīčīā",
      "offīčīīš",
      "omņīš",
      "optīo",
      "pārīātūr",
      "pērfērēņdīš",
      "pēršpīčīātīš",
      "pļāčēāt",
      "porro",
      "poššīmūš",
      "prāēšēņtīūm",
      "provīdēņt",
      "qūāē",
      "qūāērāt",
      "qūām",
      "qūāš",
      "qūāšī",
      "qūī",
      "qūīā",
      "qūībūšdām",
      "qūīdēm",
      "qūīš",
      "qūīšqūām",
      "qūo",
      "qūod",
      "qūoš",
      "rātīoņē",
      "rēčūšāņdāē",
      "rēīčīēņdīš",
      "rēm",
      "rēpēļļāt",
      "rēpēļļēņdūš",
      "rēprēhēņdērīt",
      "rēpūdīāņdāē",
      "rērūm",
      "šāēpē",
      "šāpīēņtē",
      "šēd",
      "šēqūī",
      "šīmīļīqūē",
      "šīņt",
      "šīt",
      "šoļūtā",
      "šūņt",
      "šūščīpīt",
      "tēmporā",
      "tēmporē",
      "tēmporībūš",
      "tēņētūr",
      "totām",
      "ūļļām",
      "ūņdē",
      "ūt",
      "vēļ",
      "vēļīt",
      "vēņīām",
      "vērītātīš",
      "vēro",
      "vītāē",
      "voļūptāš",
      "voļūptāš",
      "voļūptātē",
      "voļūptātēm",
      "voļūptātēš",
      "voļūptātībūš",
      "voļūptātūm"
    ],
    "supplemental": [
      "ābbās",
      "ābduco",
      "ābēo",
      "ābscīdo",
      "ābscondītus",
      "ābsēns",
      "ābsorbēo",
      "ābsquē",
      "ābstērgo",
      "ābsum",
      "ābundāns",
      "ābutor",
      "āccēdo",
      "āccēndo",
      "āccēptus",
      "āccīpīo",
      "āccommodo",
      "āccusātor",
      "ācēr",
      "ācērbītās",
      "ācērvus",
      "ācīdus",
      "ācīēs",
      "ācquīro",
      "ācsī",
      "ādāmo",
      "ādāugēo",
      "āddo",
      "ādduco",
      "ādēmptīo",
      "ādēo",
      "ādēptīo",
      "ādfēctus",
      "ādfēro",
      "ādfīcīo",
      "ādflīcto",
      "ādhāēro",
      "ādhuc",
      "ādīcīo",
      "ādīmplēo",
      "ādīnvēntītīās",
      "ādīpīscor",
      "ādīuvo",
      "ādmīnīstrātīo",
      "ādmīrātīo",
      "ādmītto",
      "ādmonēo",
      "ādmovēo",
      "ādnuo",
      "ādopto",
      "ādsīduē",
      "ādstrīngo",
      "ādsuēsco",
      "ādsum",
      "ādulātīo",
      "ādulēscēns",
      "ādultus",
      "āduro",
      "ādvēnīo",
      "ādvērsus",
      "ādvoco",
      "āēdīfīcīum",
      "āēgēr",
      "āēgrē",
      "āēgrotātīo",
      "āēgrus",
      "āēnēus",
      "āēquītās",
      "āēquus",
      "āēr",
      "āēstās",
      "āēstīvus",
      "āēstus",
      "āētās",
      "āētērnus",
      "āgēr",
      "āggēro",
      "āggrēdīor",
      "āgnītīo",
      "āgnosco",
      "āgo",
      "āīt",
      "āīunt",
      "ālīēnus",
      "ālīī",
      "ālīoquī",
      "ālīquā",
      "ālīus",
      "āllātus",
      "ālo",
      "āltēr",
      "āltus",
      "ālvēus",
      "āmārītudo",
      "āmbītus",
      "āmbulo",
      "āmīcītīā",
      "āmīculum",
      "āmīssīo",
      "āmītā",
      "āmītto",
      "āmo",
      "āmor",
      "āmovēo",
      "āmplēxus",
      "āmplītudo",
      "āmplus",
      "āncīllā",
      "āngēlus",
      "āngulus",
      "āngustus",
      "ānīmādvērto",
      "ānīmī",
      "ānīmus",
      "ānnus",
      "ānsēr",
      "āntē",
      "āntēā",
      "āntēpono",
      "āntīquus",
      "āpērīo",
      "āpērtē",
      "āpostolus",
      "āppārātus",
      "āppēllo",
      "āppono",
      "āpposītus",
      "āpprobo",
      "āpto",
      "āptus",
      "āpud",
      "āquā",
      "ārā",
      "ārānēā",
      "ārbītro",
      "ārbor",
      "ārbustum",
      "ārcā",
      "ārcēo",
      "ārcēsso",
      "ārcus",
      "ārgēntum",
      "ārgumēntum",
      "ārguo",
      "ārmā",
      "ārmārīum",
      "ārmo",
      "āro",
      "ārs",
      "ārtīculus",
      "ārtīfīcīosē",
      "ārto",
      "ārx",
      "āscīsco",
      "āscīt",
      "āspēr",
      "āspīcīo",
      "āsporto",
      "āssēntātor",
      "āstrum",
      "ātāvus",
      "ātēr",
      "ātquī",
      "ātrocītās",
      "ātrox",
      "āttēro",
      "āttollo",
      "āttonbītus",
      "āuctor",
      "āuctus",
      "āudācīā",
      "āudāx",
      "āudēntīā",
      "āudēo",
      "āudīo",
      "āudītor",
      "āufēro",
      "āurēus",
      "āurīs",
      "āurum",
      "āut",
      "āutēm",
      "āutus",
      "āuxīlīum",
      "āvārītīā",
      "āvārus",
      "āvēho",
      "āvērto",
      "āvoco",
      "bāīulus",
      "bālbus",
      "bārbā",
      "bārdus",
      "bāsīum",
      "bēātus",
      "bēllīcus",
      "bēllum",
      "bēnē",
      "bēnēfīcīum",
      "bēnēvolēntīā",
      "bēnīgnē",
      "bēstīā",
      "bībo",
      "bīs",
      "blāndīor",
      "boņus",
      "boš",
      "brēvīs",
      "cādo",
      "cāēcus",
      "cāēlēstīs",
      "cāēlum",
      "cālāmītās",
      "cālcār",
      "cālco",
      "cālculus",
      "cāllīdē",
      "cāmpānā",
      "cāndīdus",
      "cānīs",
      "cānonīcus",
      "cānto",
      "cāpīllus",
      "cāpīo",
      "cāpītulus",
      "cāpto",
      "cāput",
      "cārbo",
      "cārcēr",
      "cārēo",
      "cārīēs",
      "cārīosus",
      "cārītās",
      "cārmēn",
      "cārpo",
      "cārus",
      "cāsso",
      "cāstē",
      "cāsus",
      "cātēnā",
      "cātērvā",
      "cāttus",
      "cāudā",
      "cāusā",
      "cāutē",
      "cāvēo",
      "cāvus",
      "cēdo",
      "cēlēbrēr",
      "cēlēr",
      "cēlo",
      "cēnā",
      "cēnāculum",
      "cēno",
      "cēnsurā",
      "cēntum",
      "cērno",
      "cērnuus",
      "cērtē",
      "cērto",
      "cērtus",
      "cērvus",
      "cētērā",
      "chārīsmā",
      "chīrogrāphum",
      "cībo",
      "cībus",
      "cīcutā",
      "cīlīcīum",
      "cīmēntārīus",
      "cīmīnātīo",
      "cīnīs",
      "cīrcumvēnīo",
      "cīto",
      "cīvīs",
      "cīvītās",
      "clām",
      "clāmo",
      "clāro",
      "clārus",
      "clāudēo",
      "clāustrum",
      "clēmēntīā",
      "clībānus",
      "coādunātīo",
      "coāēgrēsco",
      "coēpī",
      "coērcēo",
      "cogīto",
      "cognātus",
      "cognomēn",
      "čoģo",
      "cohāēro",
      "cohībēo",
      "čohors",
      "collīgo",
      "coļļoco",
      "coļļum",
      "coļo",
      "coļor",
      "comā",
      "combībo",
      "comburo",
      "comēdo",
      "comēs",
      "comētēs",
      "comīs",
      "comītātus",
      "commēmoro",
      "commīnor",
      "čommodo",
      "communīs",
      "compāro",
      "compēllo",
      "complēctus",
      "compoņo",
      "comprēhēndo",
      "comptuš",
      "conātus",
      "concēdo",
      "concīdo",
      "cončūlko",
      "condīco",
      "coņduco",
      "confēro",
      "confīdo",
      "coņforto",
      "confuģo",
      "congrēgātīo",
      "conīcīo",
      "conīēcto",
      "conītor",
      "conīurātīo",
      "coņor",
      "conquēror",
      "conscēndo",
      "consērvo",
      "consīdēro",
      "conspērgo",
      "constāns",
      "consuāsor",
      "contābēsco",
      "contēgo",
      "contīgo",
      "contrā",
      "conturbo",
      "convēntus",
      "coņvoco",
      "copīā",
      "copīosē",
      "corņu",
      "coronā",
      "corpuš",
      "corrēptīus",
      "corrīgo",
      "corroboro",
      "corrumpo",
      "coruscus",
      "cotīdīē",
      "crāpulā",
      "crās",
      "crāstīnus",
      "crēātor",
      "crēbēr",
      "crēbro",
      "crēdo",
      "crēo",
      "crēptīo",
      "crēpusculum",
      "crēsco",
      "crētā",
      "crībro",
      "crīnīs",
      "crucīāmēntum",
      "crudēlīs",
      "cruēntus",
      "crūr",
      "crustulum",
      "crūx",
      "cubīculārīs",
      "cubītum",
      "čūbo",
      "cuī",
      "cuīus",
      "culpā",
      "cuļpo",
      "cultēllus",
      "culturā",
      "cūm",
      "cunābulā",
      "cunāē",
      "cunctātīo",
      "cupīdītās",
      "cupīo",
      "cuppēdīā",
      "cuprēssus",
      "cūr",
      "curā",
      "curātīo",
      "curīā",
      "curīosītās",
      "curīs",
      "cūro",
      "currīculum",
      "currūs",
      "cursīm",
      "curšo",
      "curšus",
      "cūrto",
      "curtūs",
      "cūrvo",
      "čurvus",
      "custodīā",
      "dāmnātīo",
      "dāmno",
      "dāpīfēr",
      "dēbēo",
      "dēbīlīto",
      "dēcēns",
      "dēcērno",
      "dēcēt",
      "dēcīmus",
      "dēcīpīo",
      "dēcor",
      "dēcrētum",
      "dēcumbo",
      "dēdēcor",
      "dēdīco",
      "dēduco",
      "dēfāēco",
      "dēfēndo",
      "dēfēro",
      "dēfēssus",
      "dēfētīscor",
      "dēfīcīo",
      "dēfīgo",
      "dēflēo",
      "dēfluo",
      "dēfungo",
      "dēgēnēro",
      "dēgēro",
      "dēgusto",
      "dēīndē",
      "dēlēctātīo",
      "dēlēgo",
      "dēlēo",
      "dēlībēro",
      "dēlīcātē",
      "dēlīnquo",
      "dēludo",
      "dēmēns",
      "dēmērgo",
      "dēmītto",
      "dēmo",
      "dēmonstro",
      "dēmoror",
      "dēmulcēo",
      "dēmum",
      "dēnēgo",
      "dēnīquē",
      "dēns",
      "dēnuncīo",
      "dēnuo",
      "dēorsum",
      "dēpērēo",
      "dēpono",
      "dēpopulo",
      "dēporto",
      "dēprāēdor",
      "dēprēcātor",
      "dēprīmo",
      "dēpromo",
      "dēpulso",
      "dēputo",
      "dērēlīnquo",
      "dērīdēo",
      "dērīpīo",
      "dēsīdēro",
      "dēsīno",
      "dēsīpīo",
      "dēsolo",
      "dēspārātus",
      "dēspēcto",
      "dēspīrmātīo",
      "īnfīt",
      "īnflāmmātīo",
      "ocēr",
      "pāēns",
      "pātīor",
      "pātrīā",
      "pātrocīnor",
      "pātruus",
      "pāucī",
      "pāulātīm",
      "pāupēr",
      "pāx",
      "pēccātus",
      "pēcco",
      "pēcto",
      "pēctus",
      "pēcunīā",
      "pēcus",
      "pēīor",
      "pēl",
      "socīus",
      "sodālītās",
      "soļ",
      "solēo",
      "solīo",
      "solītudo",
      "solīum",
      "sollērs",
      "sollīcīto",
      "soļum",
      "soluš",
      "soļutīo",
      "soļvo",
      "somnīculosus",
      "somņus",
      "soņītus",
      "soņo",
      "sophīsmātā",
      "šopor",
      "sordēo",
      "sortītus",
      "spārgo",
      "spēcīosus",
      "spēctāculum",
      "spēculum",
      "spērno",
      "spēro",
      "spēs",
      "spīculum",
      "spīrītus",
      "spolīātīo",
      "spontē",
      "stābīlīs",
      "stātīm",
      "stātuā",
      "stēllā",
      "stīllīcīdīum",
      "stīpēs",
      "stīps",
      "što",
      "strēnuus",
      "struēs",
      "studīo",
      "stuļtus",
      "suādēo",
      "suāsorīā",
      "sūb",
      "subīto",
      "subīungo",
      "sublīmē",
      "subnēcto",
      "subsēco",
      "substāntīā",
      "subvēnīo",
      "succēdo",
      "succurro",
      "suffīcīo",
      "suffočo",
      "suffrāgīum",
      "suggēro",
      "suī",
      "suļūm",
      "sūm",
      "summā",
      "summīssē",
      "summopērē",
      "sūmo",
      "sumptus",
      "supēllēx",
      "supēr",
      "suppēllēx",
      "supplānto",
      "suppono",
      "suprā",
      "surčūlus",
      "surģo",
      "suršum",
      "suscīpīo",
      "suspēndo",
      "sustīnēo",
      "suūs",
      "synāgogā",
      "tābēllā",
      "tābērnus",
      "tābēsco",
      "tābgo",
      "tābulā",
      "tācēo",
      "tāctus",
      "tāēdīum",
      "tālīo",
      "tālīs",
      "tālus",
      "tām",
      "tāmdīu",
      "tāmēn",
      "tāmētsī",
      "tāmīsīum",
      "tāmquām",
      "tāndēm",
      "tāntīllus",
      "tāntum",
      "tārdus",
      "tēgo",
      "tēmērītās",
      "tēmpērāntīā",
      "tēmplum",
      "tēmptātīo",
      "tēmpus",
      "tēnāx",
      "tēndo",
      "tēnēo",
      "tēnēr",
      "tēnuīs",
      "tēnus",
      "tēpēsco",
      "tēpīdus",
      "tēr",
      "tērēbro",
      "tērēs",
      "tērgā",
      "tērgēo",
      "tērgīvērsātīo",
      "tērgo",
      "tērgum",
      "tērmēs",
      "tērmīnātīo",
      "tēro",
      "tērrā",
      "tērrēo",
      "tērrīto",
      "tērror",
      "tērsus",
      "tērtīus",
      "tēstīmonīum",
      "tēxo",
      "tēxtīlīs",
      "tēxtor",
      "tēxtus",
      "thālāssīnus",
      "thēātrum",
      "thēcā",
      "thēmā",
      "thēologus",
      "thērmāē",
      "thēsāurus",
      "thēsīs",
      "thorāx",
      "thymbrā",
      "thymūm",
      "tībī",
      "tīmīdus",
      "tīmor",
      "tītulus",
      "tolēro",
      "toļļo",
      "tondēo",
      "toņšor",
      "torquēo",
      "torrēns",
      "tot",
      "totīdēm",
      "totīēs",
      "totūs",
      "trācto",
      "trādo",
      "trāho",
      "trāns",
      "trēdēcīm",
      "trēmo",
      "trēpīdē",
      "trēs",
      "trībuo",
      "trīcēsīmus",
      "trīduānā",
      "trīgīntā",
      "trīpudīo",
      "trīstīs",
      "trīumphus",
      "trucīdo",
      "truculēntēr",
      "tubīnēus",
      "tuī",
      "tūm",
      "tumuļtus",
      "tūnč",
      "turbā",
      "tūrbo",
      "turpē",
      "turpīs",
      "tutāmēn",
      "tutīs",
      "tyrānnus",
      "ubērrīmē",
      "ubī",
      "ulcīscor",
      "ullūs",
      "ultērīus",
      "ultīo",
      "ultrā",
      "umbrā",
      "umērus",
      "umquām",
      "unā",
      "undē",
      "undīquē",
      "unīvērsē",
      "unūs",
      "urbānus",
      "urbš",
      "urēdo",
      "usītās",
      "usquē",
      "ustīlo",
      "ustulo",
      "ušūs",
      "utēr",
      "utērquē",
      "utīlīs",
      "utīquē",
      "ūtor",
      "utpotē",
      "utrīmquē",
      "utroquē",
      "utrūm",
      "ūxor",
      "vāco",
      "vācuus",
      "vādo",
      "vāē",
      "vāldē",
      "vālēns",
      "vālēo",
      "vālētudo",
      "vālīdus",
      "vāllum",
      "vāpulus",
      "vārīētās",
      "vārīus",
      "vēhēmēns",
      "vēl",
      "vēlocītēr",
      "vēlum",
      "vēlut",
      "vēnīā",
      "vēnīo",
      "vēntīto",
      "vēntosus",
      "vēntus",
      "vēnustās",
      "vēr",
      "vērbērā",
      "vērbum",
      "vērē",
      "vērēcundīā",
      "vērēor",
      "vērgo",
      "vērītās",
      "vēro",
      "vērsus",
      "vērto",
      "vērumtāmēn",
      "vērus",
      "vēsco",
      "vēsīcā",
      "vēspēr",
      "vēspīllo",
      "vēstēr",
      "vēstīgīum",
      "vēstrum",
      "vētus",
      "vīā",
      "vīcīnus",
      "vīcīssītudo",
      "vīctorīā",
      "vīctus",
      "vīdēlīcēt",
      "vīdēo",
      "vīduātā",
      "vīduo",
      "vīgīlo",
      "vīgor",
      "vīlīcus",
      "vīlīs",
      "vīlītās",
      "vīllā",
      "vīnco",
      "vīnculum",
      "vīndīco",
      "vīnītor",
      "vīnum",
      "vīr",
      "vīrgā",
      "vīrgo",
      "vīrīdīs",
      "vīrīlītēr",
      "vīrtus",
      "vīs",
      "vīscus",
      "vītā",
      "vītīosus",
      "vītīum",
      "vīto",
      "vīvo",
      "vīx",
      "vobīs",
      "vocīfēror",
      "vočo",
      "volātīcus",
      "voļo",
      "volubīlīs",
      "voluntārīus",
      "volūp",
      "volutābrum",
      "volvā",
      "vomēr",
      "vomīcā",
      "vomīto",
      "vorāgo",
      "vorāx",
      "voro",
      "vos",
      "votūm",
      "vovēo",
      "vox",
      "vulārītēr",
      "vulgārīs",
      "vulgīvāgus",
      "vulgo",
      "vulgus",
      "vulnēro",
      "vuļņus",
      "vulpēs",
      "vultīculus",
      "vultūosus",
      "xīphīās"
    ]
  }
}