{
  "title": "Romanian",
  "address": {
    "building_number": [
      "Bloc ##"
    ],
    "city": [
      "București",
      "Cluj-Napoca",
      "Timișoara",
      "Iași",
      "Constanța",
      "Craiova",
      "Brașov",
      "Galați",
      "Ploiești",
      "Oradea",
      "Brăila",
      "Arad",
      "Pitești",
      "Sibiu",
      "Bacău",
      "Târgu Mureș",
      "Baia Mare",
      "Buzău",
      "Botoșani",
      "Satu Mare",
      "Râmnicu Vâlcea",
      "Drobeta-Turnu Severin",
      "Suceava",
      "Piatra Neamț",
      "Târgu Jiu",
      "Târgoviște",
      "Focșani",
      "Bistrița",
      "Reșița",
      "Tulcea",
      "Călărași",
      "Alba Iulia",
      "Giurgiu",
      "Deva",
      "Hunedoara",
      "Zalău",
      "Sfântu Gheorghe",
      "Bârlad",
      "Vaslui",
      "1387",
      "Slobozia",
      "Turda",
      "Mediaș",
      "Voluntari",
      "Lugoj",
      "Medgidia",
      "Onești",
      "Miercurea Ciuc",
      "Sighetu Marmației",
      "Petroșani",
      "Mangalia",
      "Tecuci",
      "Râmnicu Sărat",
      "Pașcani",
      "Dej",
      "Reghin",
      "Năvodari",
      "Odorheiu Secuiesc",
      "Câmpina",
      "Mioveni",
      "Câmpulung",
      "Caracal",
      "Săcele",
      "Făgăraș",
      "Fetești",
      "Sighișoara",
      "Borșa",
      "Roșiorii de Vede",
      "Curtea de Argeș",
      "Sebeș",
      "Huși",
      "Fălticeni",
      "Pantelimon",
      "Oltenița",
      "Turnu Măgurele",
      "Caransebeș",
      "Dorohoi",
      "Rădăuți",
      "Zărnești",
      "Lupeni",
      "Aiud",
      "Petrila",
      "Buftea",
      "Moinești",
      "Târnăveni",
      "Câmpia Turzii",
      "Popești-Leordeni",
      "Gherla",
      "Carei",
      "Cugir",
      "Blaj",
      "Codlea",
      "Comănești",
      "Târgu Neamț",
      "Motru",
      "Târgu Secuiesc",
      "Moreni",
      "Gheorgheni",
      "Băicoi",
      "Orăștie",
      "Salonta",
      "Balș",
      "Drăgășani",
      "Băilești",
      "Calafat",
      "Filiași",
      "Cernavodă",
      "Câmpulung Moldovenesc",
      "Breaza",
      "Marghita",
      "Baia Sprie",
      "Luduș",
      "Corabia",
      "Adjud",
      "Vișeu de Sus",
      "Bragadiru",
      "Bocșa",
      "Râșnov",
      "Urziceni",
      "Pucioasa",
      "Vatra Dornei",
      "Cisnădie",
      "Mizil",
      "Toplița",
      "Chitila",
      "Șimleu Silvaniei",
      "Buhuși",
      "Vicovu de Sus",
      "Zimnicea",
      "Găești",
      "Gura Humorului",
      "Otopeni",
      "Ocna Mureș",
      "Avrig",
      "Simeria",
      "Pecica",
      "Dăbuleni",
      "Bolintin-Vale",
      "Rovinari",
      "Comarnic",
      "Vălenii de Munte",
      "Sânnicolau Mare",
      "Dărmănești",
      "Moldova Nouă",
      "Târgu Lăpuș",
      "Săcueni",
      "Videle",
      "Scornicești",
      "Boldești-Scăeni",
      "Sântana",
      "Târgu Ocna",
      "Măgurele",
      "Călan",
      "Beclean",
      "Țăndărei",
      "Sovata",
      "Oravița",
      "Jibou",
      "Urlați",
      "Hârlău",
      "Beiuș",
      "Ianca",
      "Jimbolia",
      "Topoloveni",
      "Drăgănești-Olt",
      "Sinaia",
      "Nehoiu",
      "Covasna",
      "Negrești-Oaș",
      "Strehaia",
      "Dolhasca",
      "Orșova",
      "Valea lui Mihai",
      "Murfatlar",
      "Aleșd",
      "Darabani",
      "Cristuru Secuiesc",
      "Flămânzi",
      "Mărășești",
      "Sângeorz-Băi",
      "Liteni",
      "Târgu Frumos",
      "Titu",
      "Hațeg",
      "Oțelu Roșu",
      "Ineu",
      "Năsăud",
      "Huedin",
      "Odobești",
      "Hârșova",
      "Bumbești-Jiu",
      "Seini",
      "Salcea",
      "Podu Iloaiei",
      "Eforie",
      "Uricani",
      "Baraolt",
      "Bușteni",
      "Tășnad",
      "Iernut",
      "Agnita",
      "Babadag",
      "Băbeni",
      "Târgu Cărbunești",
      "Negrești",
      "Recaș",
      "Siret",
      "Măcin",
      "Chișineu-Criș",
      "Plopeni",
      "Mihăilești",
      "Șomcuta Mare",
      "Fieni",
      "Întorsura Buzăului",
      "Călimănești",
      "Panciu",
      "Nădlac",
      "Zlatna",
      "Pătârlagele",
      "Cehu Silvaniei",
      "Amara",
      "Budești",
      "Anina",
      "Dumbrăveni",
      "Câmpeni",
      "Pogoanele",
      "Tăuții-Măgherăuș",
      "Tismana",
      "Curtici",
      "Techirghiol",
      "Sărmașu",
      "Vlăhița",
      "Cajvana",
      "Săveni",
      "Segarcea",
      "Pâncota",
      "Răcari",
      "Făget",
      "Tălmaciu",
      "Buziaș",
      "Fundulea",
      "Murgeni",
      "Teiuș",
      "Însurăței",
      "Bicaz",
      "Târgu Bujor",
      "Ștei",
      "Lehliu Gară",
      "Horezu",
      "Deta",
      "Slănic",
      "Piatra-Olt",
      "Ardud",
      "Bălan",
      "Sebiș",
      "Brezoi",
      "Potcoava",
      "Gătaia",
      "Novaci",
      "Miercurea Nirajului",
      "Baia de Aramă",
      "Copșa Mică",
      "Vânju Mare",
      "Sângeorgiu de Pădure",
      "Geoagiu",
      "Săliște",
      "Ciacova",
      "Rupea",
      "Milișăuți",
      "Isaccea",
      "Abrud",
      "Fierbinți-Târg",
      "Cavnic",
      "Săliștea de Sus",
      "Băile Herculane",
      "Bălcești",
      "Berbești",
      "Ghimbav",
      "Predeal",
      "Țicleni",
      "Azuga",
      "Aninoasa",
      "Bucecea",
      "Băile Olănești",
      "Slănic Moldova",
      "Miercurea Sibiului",
      "Sulina",
      "Baia de Arieș",
      "Făurei",
      "Ocna Sibiului",
      "Bechet",
      "Căzănești",
      "Ocnele Mari",
      "Berești",
      "Borsec",
      "Băile Govora",
      "Vașcău",
      "Nucet",
      "Solca",
      "Băile Tușnad"
    ],
    "county": [
      "Alba",
      "Arad",
      "Arges",
      "Bacau",
      "Bihor",
      "Bistrita-Nasaud",
      "Botosani",
      "Braila",
      "Brasov",
      "Bucuresti",
      "Buzau",
      "Calarasi",
      "Caras-Severin",
      "Cluj",
      "Constanta",
      "Covasna",
      "Dambovita",
      "Dolj",
      "Galati",
      "Giurgiu",
      "Gorj",
      "Harghita",
      "Hunedoara",
      "Ialomita",
      "Iasi",
      "Ilfov",
      "Maramures",
      "Mehedinti",
      "Mures",
      "Neamt",
      "Olt",
      "Prahova",
      "Salaj",
      "Satu-Mare",
      "Sibiu",
      "Suceava",
      "Teleorman",
      "Timis",
      "Tulcea",
      "Valcea",
      "Vaslui",
      "Vrancea"
    ],
    "default_country": [
      "România"
    ],
    "postcode": [
      "######"
    ],
    "secondary_address": [
      "Ap. ##",
      "Ap. ###"
    ],
    "state": [
      "Alba",
      "Arad",
      "Arges",
      "Bacau",
      "Bihor",
      "Bistrita-Nasaud",
      "Botosani",
      "Braila",
      "Brasov",
      "Bucuresti",
      "Buzau",
      "Calarasi",
      "Caras-Severin",
      "Cluj",
      "Constanta",
      "Covasna",
      "Dambovita",
      "Dolj",
      "Galati",
      "Giurgiu",
      "Gorj",
      "Harghita",
      "Hunedoara",
      "Ialomita",
      "Iasi",
      "Ilfov",
      "Maramures",
      "Mehedinti",
      "Mures",
      "Neamt",
      "Olt",
      "Prahova",
      "Salaj",
      "Satu-Mare",
      "Sibiu",
      "Suceava",
      "Teleorman",
      "Timis",
      "Tulcea",
      "Valcea",
      "Vaslui",
      "Vrancea"
    ],
    "state_abbr": [
      "AB",
      "AR",
      "AG",
      "BC",
      "BH",
      "BN",
      "BT",
      "BR",
      "BV",
      "B",
      "BZ",
      "CL",
      "CS",
      "CJ",
      "CT",
      "CV",
      "DB",
      "DJ",
      "GL",
      "GR",
      "GJ",
      "HR",
      "HD",
      "IL",
      "IS",
      "IF",
      "MM",
      "MH",
      "MS",
      "NT",
      "OT",
      "PH",
      "SJ",
      "SM",
      "SB",
      "SV",
      "TR",
      "TM",
      "TL",
      "VL",
      "VS",
      "VN"
    ],
    "street_address": [
      "#{street_name}, #{building_number}, #{secondary_address}"
    ],
    "street_name": [
      "#{street_suffix} #{streets}"
    ],
    "street_suffix": [
      "Aleea",
      "Bulevardul",
      "Intrarea"
    ],
    "streets": [
      "Capalna",
      "Gheorghe Duca",
      "Acvila",
      "Lisabona",
      "Campulung",
      "Ilie Gurita",
      "Succesului",
      "Siret",
      "Mihai Viteazul",
      "Complexului",
      "Chihlimbarului",
      "Prahova",
      "George Cosbuc",
      "Bobalna",
      "Eroina De La Jiu",
      "Cucuzel Ion",
      "Sergent Turturica",
      "Timisul De Sus",
      "Tuberozelor",
      "Rulmentului",
      "Soldat Polosca Tanase",
      "Nabucului",
      "Flautului",
      "Poiana Codrului",
      "Daia",
      "Soldat Dima Dumitru",
      "Bulandra Tony",
      "Pastravilor",
      "Eternitatii",
      "Tufanilor",
      "Discului",
      "Garnitei",
      "Costaforu",
      "Aerogarii",
      "Preluca",
      "Delureni",
      "Soldat Velicu Stefan",
      "Ocalei",
      "Calboranu George",
      "Cercelus",
      "Timocului",
      "Alexandru Locusteanu",
      "Pumnul Aron",
      "Migdalului",
      "Valului",
      "Inginer Radu Elie",
      "Cricovului",
      "Mavrogheni",
      "Bauxitei",
      "Movilitei",
      "Pictor Hentia Sava",
      "Abus",
      "Fieni",
      "Zambetului",
      "Izvorul Muresului",
      "Rolei",
      "Utiesului",
      "Gheorghe Popescu",
      "Radulescu Drumea",
      "Sacele",
      "Soimarestilor",
      "Romeo",
      "Voicesti",
      "Carada Eugeniu",
      "Barometrului",
      "Tudorache Gheorghe",
      "Morii",
      "Jules Michelet",
      "Nicolae G. Caranfil",
      "Sergent Anghel Gheorghe",
      "Reconstructiei",
      "Vespasian",
      "Tincani",
      "Stirbei Voda",
      "Ariesu Mare",
      "Penelului",
      "Piscul Vechi",
      "Natiunile Unite",
      "Doctor Tanasescu Ion",
      "Stefan Greceanu",
      "Banul Scarlat",
      "Crinului",
      "Domnita Florica",
      "Plutonier Nita Ion",
      "Soldat Ionita Stere",
      "Rovine",
      "Tropicelor",
      "Matei Millo",
      "Veronica Micle",
      "Pictor Iser Iosif",
      "Mitropolit Nifon",
      "Locotenent Victor Manu",
      "Studioului",
      "Piatra Morii",
      "Valea Lupului",
      "Episcop Chesarie",
      "Sergent Major Drag Marin",
      "Bega",
      "Dobrun",
      "Fulgeresti"
    ]
  },
  "cell_phone": {
    "formats": [
      "0726######",
      "0723######",
      "0722######",
      "0721######",
      "0720######",
      "0728######",
      "0729######",
      "0730######",
      "0739######",
      "0738######",
      "0737######",
      "0736######",
      "0735######",
      "0734######",
      "0733######",
      "0732######",
      "0731######",
      "0780######",
      "0788######",
      "0753######",
      "0754######",
      "0755######",
      "0756######",
      "0757######",
      "0758######",
      "0759######",
      "0748######",
      "0747######",
      "0746######",
      "0740######",
      "0741######",
      "0742######",
      "0743######",
      "0744######",
      "0745######",
      "0711######",
      "0727######",
      "0725######",
      "0724######",
      "0786######",
      "0760######",
      "0761######",
      "0762######",
      "0763######",
      "0764######",
      "0765######",
      "0766######",
      "0767######",
      "0785######",
      "0768######",
      "0769######",
      "0784######",
      "0770######",
      "0772######",
      "0771######",
      "0749######",
      "0750######",
      "0751######",
      "0752######"
    ]
  },
  "date": {
    "month": {
      "wide": [
        "Ianuarie",
        "Februarie",
        "Martie",
        "Aprilie",
        "Mai",
        "Iunie",
        "Iulie",
        "August",
        "Septembrie",
        "Octombrie",
        "Noiembrie",
        "Decembrie"
      ],
      "wide_context": [
        "Ianuarie",
        "Februarie",
        "Martie",
        "Aprilie",
        "Mai",
        "Iunie",
        "Iulie",
        "August",
        "Septembrie",
        "Octombrie",
        "Noiembrie",
        "Decembrie"
      ],
      "abbr": [
        "Ian",
        "Feb",
        "Mar",
        "Apr",
        "Mai",
        "Iun",
        "Iul",
        "Aug",
        "Sep",
        "Oct",
        "Noi",
        "Dec"
      ],
      "abbr_context": [
        "Ian",
        "Feb",
        "Mar",
        "Apr",
        "Mai",
        "Iun",
        "Iul",
        "Aug",
        "Sep",
        "Oct",
        "Noi",
        "Dec"
      ]
    },
    "weekday": {
      "wide": [
        "Luni",
        "Marți",
        "Miercuri",
        "Joi",
        "Vineri",
        "Sâmbătă",
        "Duminică"
      ],
      "wide_context": [
        "Luni",
        "Marți",
        "Miercuri",
        "Joi",
        "Vineri",
        "Sâmbătă",
        "Duminică"
      ],
      "abbr": [
        "Luni",
        "Marți",
        "Miercuri",
        "Joi",
        "Vineri",
        "Sâmbătă",
        "Duminică"
      ],
      "abbr_context": [
        "Luni",
        "Marți",
        "Miercuri",
        "Joi",
        "Vineri",
        "Sâmbătă",
        "Duminică"
      ]
    }
  },
  "internet": {
    "free_email": [
      "gmail.com",
      "yahoo.com",
      "hotmail.com"
    ],
    "domain_suffix": [
      "com",
      "biz",
      "info",
      "name",
      "net",
      "org",
      "ro",
      "com.ro",
      "org.ro",
      "tm.ro",
      "store.ro",
      "info.ro",
      "nom.ro",
      "nt.ro",
      "firm.ro",
      "www.ro",
      "arts.ro",
      "rec.ro"
    ]
  },
  "name": {
    "male_first_name": [
      "Achim",
      "Adam",
      "Adelin",
      "Adonis",
      "Adrian",
      "Adi",
      "Agnos",
      "Albert",
      "Alex",
      "Alexandru",
      "Alexe",
      "Aleodor",
      "Alin",
      "Alistar",
      "Amedeu",
      "Amza",
      "Anatolie",
      "Andrei",
      "Angel",
      "Anghel",
      "Antim",
      "Anton",
      "Antonie",
      "Antoniu",
      "Arian",
      "Aristide",
      "Arsenie",
      "Augustin",
      "Aurel",
      "Aurelian",
      "Aurică",
      "Avram",
      "Axinte",
      "Barbu",
      "Bartolomeu",
      "Basarab",
      "Bănel",
      "Bebe",
      "Beniamin",
      "Benone",
      "Bernard",
      "Bogdan",
      "Brăduț",
      "Bucur",
      "Caius",
      "Camil",
      "Cantemir",
      "Carol",
      "Casian",
      "Cazimir",
      "Călin",
      "Cătălin",
      "Cedrin",
      "Cezar",
      "Ciprian",
      "Claudiu",
      "Codin",
      "Codrin",
      "Codruț",
      "Cornel",
      "Corneliu",
      "Corvin",
      "Constantin",
      "Cosmin",
      "Costache",
      "Costel",
      "Costin",
      "Crin",
      "Cristea",
      "Cristian",
      "Cristobal",
      "Cristofor",
      "Dacian",
      "Damian",
      "Dan",
      "Daniel",
      "Darius",
      "David",
      "Decebal",
      "Denis",
      "Dinu",
      "Dominic",
      "Dorel",
      "Dorian",
      "Dorin",
      "Dorinel",
      "Doru",
      "Dragoș",
      "Ducu",
      "Dumitru",
      "Edgar",
      "Edmond",
      "Eduard",
      "Eftimie",
      "Emil",
      "Emilian",
      "Emanoil",
      "Emanuel",
      "Emanuil",
      "Eremia",
      "Eric",
      "Ernest",
      "Eugen",
      "Eusebiu",
      "Eustațiu",
      "Fabian",
      "Felix",
      "Filip",
      "Fiodor",
      "Flaviu",
      "Florea",
      "Florentin",
      "Florian",
      "Florin",
      "Francisc",
      "Frederic",
      "Gabi",
      "Gabriel",
      "Gelu",
      "George",
      "Georgel",
      "Georgian",
      "Ghenadie",
      "Gheorghe",
      "Gheorghiță",
      "Ghiță",
      "Gică",
      "Gicu",
      "Giorgian",
      "Grațian",
      "Gregorian",
      "Grigore",
      "Haralamb",
      "Haralambie",
      "Horațiu",
      "Horea",
      "Horia",
      "Iacob",
      "Iancu",
      "Ianis",
      "Ieremia",
      "Ilarie",
      "Ilarion",
      "Ilie",
      "Inocențiu",
      "Ioan",
      "Ion",
      "Ionel",
      "Ionică",
      "Ionuț",
      "Iosif",
      "Irinel",
      "Iulian",
      "Iuliu",
      "Iurie",
      "Iustin",
      "Iustinian",
      "Ivan",
      "Jan",
      "Jean",
      "Jenel",
      "Ladislau",
      "Lascăr",
      "Laurențiu",
      "Laurian",
      "Lazăr",
      "Leonard",
      "Leontin",
      "Lică",
      "Liviu",
      "Lorin",
      "Luca",
      "Lucențiu",
      "Lucian",
      "Lucrețiu",
      "Ludovic",
      "Manole",
      "Marcel",
      "Marcu",
      "Marian",
      "Marin",
      "Marius",
      "Martin",
      "Matei",
      "Maxim",
      "Maximilian",
      "Mădălin",
      "Mihai",
      "Mihail",
      "Mihnea",
      "Mircea",
      "Miron",
      "Mitică",
      "Mitruț",
      "Mugur",
      "Mugurel",
      "Nae",
      "Narcis",
      "Nechifor",
      "Nelu",
      "Nichifor",
      "Nicoară",
      "Nicodim",
      "Nicolae",
      "Nicolaie",
      "Nicu",
      "Nicuță",
      "Niculiță",
      "Nicușor",
      "Norbert",
      "Norman",
      "Octav",
      "Octavian",
      "Octaviu",
      "Olimpian",
      "Olimpiu",
      "Oliviu",
      "Ovidiu",
      "Pamfil",
      "Panait",
      "Panagachie",
      "Paul",
      "Pavel",
      "Pătru",
      "Petre",
      "Petrică",
      "Petrișor",
      "Petru",
      "Petruț",
      "Pompiliu",
      "Radu",
      "Rafael",
      "Rareș",
      "Raul",
      "Răducu",
      "Răzvan",
      "Relu",
      "Remus",
      "Robert",
      "Romeo",
      "Romulus",
      "Sabin",
      "Sandu",
      "Sava",
      "Sebastian",
      "Sergiu",
      "Sever",
      "Severin",
      "Silvian",
      "Silviu",
      "Simi",
      "Simion",
      "Sinică",
      "Sorin",
      "Stan",
      "Stancu",
      "Stelian",
      "Sandu",
      "Șerban",
      "Ștefan",
      "Teodor",
      "Teofil",
      "Teohari",
      "Theodor",
      "Tiberiu",
      "Timotei",
      "Titus",
      "Todor",
      "Toma",
      "Traian",
      "Tudor",
      "Valentin",
      "Valeriu",
      "Valter",
      "Vasile",
      "Vasilică",
      "Veniamin",
      "Vicențiu",
      "Victor",
      "Vincențiu",
      "Viorel",
      "Visarion",
      "Vlad",
      "Vladimir",
      "Vlaicu",
      "Voicu",
      "Zamfir",
      "Zeno"
    ],
    "female_first_name": [
      "Ada",
      "Adela",
      "Adelaida",
      "Adelina",
      "Adina",
      "Adriana",
      "Agata",
      "Aglaia",
      "Agripina",
      "Aida",
      "Alberta",
      "Albertina",
      "Alexandra",
      "Alexandrina",
      "Alida",
      "Alina",
      "Alice",
      "Alis",
      "Alma",
      "Amalia",
      "Amelia",
      "Amanda",
      "Ana",
      "Anabela",
      "Anaida",
      "Anamaria",
      "Anastasia",
      "Anca",
      "Ancuța",
      "Anda",
      "Andra",
      "Andrada",
      "Andreea",
      "Anemona",
      "Aneta",
      "Angela",
      "Anghelina",
      "Anica",
      "Anișoara",
      "Antoaneta",
      "Antonia",
      "Antonela",
      "Anuța",
      "Ariadna",
      "Ariana",
      "Arina",
      "Aristița",
      "Artemisa",
      "Astrid",
      "Atena",
      "Augustina",
      "Aura",
      "Aurelia",
      "Aureliana",
      "Aurica",
      "Aurora",
      "Beatrice",
      "Betina",
      "Bianca",
      "Blanduzia",
      "Bogdana",
      "Brândușa",
      "Camelia",
      "Carina",
      "Carla",
      "Carmen",
      "Carmina",
      "Carolina",
      "Casandra",
      "Casiana",
      "Caterina",
      "Catinca",
      "Catrina",
      "Catrinel",
      "Cătălina",
      "Cecilia",
      "Celia",
      "Cerasela",
      "Cezara",
      "Cipriana",
      "Clara",
      "Clarisa",
      "Claudia",
      "Clementina",
      "Cleopatra",
      "Codrina",
      "Codruța",
      "Constantina",
      "Constanța",
      "Consuela",
      "Coralia",
      "Corina",
      "Cornelia",
      "Cosmina",
      "Crenguța",
      "Crina",
      "Cristina",
      "Daciana",
      "Dafina",
      "Daiana",
      "Dalia",
      "Dana",
      "Daniela",
      "Daria",
      "Dariana",
      "Delia",
      "Demetra",
      "Denisa",
      "Despina",
      "Diana",
      "Dida",
      "Didina",
      "Dimitrina",
      "Dina",
      "Dochia",
      "Doina",
      "Domnica",
      "Dora",
      "Doriana",
      "Dorina",
      "Dorli",
      "Draga",
      "Dumitra",
      "Dumitrana",
      "Ecaterina",
      "Eftimia",
      "Elena",
      "Eleonora",
      "Eliana",
      "Elisabeta",
      "Elisaveta",
      "Eliza",
      "Elodia",
      "Elvira",
      "Emilia",
      "Emanuela",
      "Erica",
      "Estera",
      "Eufrosina",
      "Eugenia",
      "Eusebia",
      "Eva",
      "Evanghelina",
      "Evelina",
      "Fabia",
      "Fabiana",
      "Felicia",
      "Filofteia",
      "Fiona",
      "Flavia",
      "Floare",
      "Floarea",
      "Flora",
      "Floriana",
      "Florica",
      "Florina",
      "Florentina",
      "Florența",
      "Francesca",
      "Frusina",
      "Gabriela",
      "Geanina",
      "Gențiana",
      "Georgeta",
      "Georgia",
      "Georgiana",
      "Geta",
      "Gherghina",
      "Gianina",
      "Gina",
      "Giorgiana",
      "Grațiana",
      "Grațiela",
      "Hortensia",
      "Henrieta",
      "Heracleea",
      "Iasmina",
      "Ica",
      "Ileana",
      "Ilinca",
      "Ilona",
      "Ina",
      "Ioana",
      "Ioanina",
      "Iolanda",
      "Ionela",
      "Ionelia",
      "Iosefina",
      "Irina",
      "Iridenta",
      "Iris",
      "Isabela",
      "Iulia",
      "Iuliana",
      "Iustina",
      "Ivona",
      "Izabela",
      "Jana",
      "Janeta",
      "Janina",
      "Jasmina",
      "Jeana",
      "Julia",
      "Julieta",
      "Larisa",
      "Laura",
      "Laurenția",
      "Lavinia",
      "Lăcrămioara",
      "Leana",
      "Lelia",
      "Leontina",
      "Leopoldina",
      "Letiția",
      "Lia",
      "Liana",
      "Lidia",
      "Ligia",
      "Lili",
      "Liliana",
      "Lioara",
      "Livia",
      "Loredana",
      "Lorelei",
      "Lorena",
      "Luana",
      "Lucia",
      "Luciana",
      "Lucreția",
      "Ludovica",
      "Ludmila",
      "Luiza",
      "Luminița",
      "Magdalena",
      "Maia",
      "Manuela",
      "Mara",
      "Marcela",
      "Marga",
      "Margareta",
      "Marcheta",
      "Maria",
      "Mariana",
      "Maricica",
      "Marilena",
      "Marina",
      "Marinela",
      "Marioara",
      "Marta",
      "Matilda",
      "Malvina",
      "Mădălina",
      "Mălina",
      "Mărioara",
      "Măriuca",
      "Melania",
      "Melina",
      "Mihaela",
      "Milena",
      "Mina",
      "Minodora",
      "Mioara",
      "Mirabela",
      "Mirela",
      "Mirona",
      "Miruna",
      "Mona",
      "Monalisa",
      "Monica",
      "Nadia",
      "Narcisa",
      "Natalia",
      "Natașa",
      "Noemi",
      "Nicoleta",
      "Niculina",
      "Nidia",
      "Nora",
      "Norica",
      "Oana",
      "Octavia",
      "Octaviana",
      "Ofelia",
      "Olga",
      "Olimpia",
      "Olivia",
      "Ortansa",
      "Otilia",
      "Ozana",
      "Pamela",
      "Paraschiva",
      "Paula",
      "Paulica",
      "Paulina",
      "Patricia",
      "Petronela",
      "Petruța",
      "Pompilia",
      "Profira",
      "Rada",
      "Rafila",
      "Raluca",
      "Ramona",
      "Rebeca",
      "Renata",
      "Rica",
      "Roberta",
      "Robertina",
      "Rodica",
      "Romanița",
      "Romina",
      "Roza",
      "Rozalia",
      "Roxana",
      "Roxelana",
      "Ruxanda",
      "Ruxandra",
      "Sabina",
      "Sabrina",
      "Safta",
      "Salomea",
      "Sanda",
      "Saveta",
      "Savina",
      "Sânziana",
      "Semenica",
      "Severina",
      "Sidonia",
      "Silvia",
      "Silvana",
      "Silviana",
      "Simina",
      "Simona",
      "Smaranda",
      "Sofia",
      "Sonia",
      "Sorana",
      "Sorina",
      "Speranța",
      "Stana",
      "Stanca",
      "Stela",
      "Steliana",
      "Steluța",
      "Suzana",
      "Svetlana",
      "Ștefana",
      "Ștefania",
      "Tamara",
      "Tania",
      "Tatiana",
      "Teea",
      "Teodora",
      "Teodosia",
      "Teona",
      "Tiberia",
      "Timea",
      "Tinca",
      "Tincuța",
      "Tudora",
      "Tudorița",
      "Tudosia",
      "Valentina",
      "Valeria",
      "Vanesa",
      "Varvara",
      "Vasilica",
      "Venera",
      "Vera",
      "Veronica",
      "Veta",
      "Vicenția",
      "Victoria",
      "Violeta",
      "Viorela",
      "Viorica",
      "Virginia",
      "Viviana",
      "Voichița",
      "Xenia",
      "Zaharia",
      "Zamfira",
      "Zaraza",
      "Zenobia",
      "Zenovia",
      "Zina",
      "Zoe"
    ],
    "last_name": [
      "Achim",
      "Adam",
      "Albu",
      "Aldea",
      "Alexa",
      "Alexandrescu",
      "Alexandru",
      "Alexe",
      "Andrei",
      "Anghel",
      "Antal",
      "Anton",
      "Apostol",
      "Ardelean",
      "Ardeleanu",
      "Avram",
      "Baciu",
      "Badea",
      "Balan",
      "Balint",
      "Banica",
      "Banu",
      "Barbu",
      "Barbulescu",
      "Bejan",
      "Biro",
      "Blaga",
      "Boboc",
      "Bodea",
      "Bogdan",
      "Bota",
      "Botezatu",
      "Bratu",
      "Bucur",
      "Buda",
      "Bunea",
      "Burlacu",
      "Calin",
      "Catana",
      "Cazacu",
      "Chiriac",
      "Chirila",
      "Chirita",
      "Chis",
      "Chivu",
      "Ciobanu",
      "Ciocan",
      "Cojocaru",
      "Coman",
      "Constantin",
      "Constantinescu",
      "Cornea",
      "Cosma",
      "Costache",
      "Costea",
      "Costin",
      "Covaci",
      "Cozma",
      "Craciun",
      "Cretu",
      "Crisan",
      "Cristea",
      "Cristescu",
      "Croitoru",
      "Cucu",
      "Damian",
      "Dan",
      "Danciu",
      "Danila",
      "Dascalu",
      "David",
      "Diaconescu",
      "Diaconu",
      "Dima",
      "Dinca",
      "Dinu",
      "Dobre",
      "Dobrescu",
      "Dogaru",
      "Dragan",
      "Draghici",
      "Dragoi",
      "Dragomir",
      "Dumitrache",
      "Dumitrascu",
      "Dumitrescu",
      "Dumitriu",
      "Dumitru",
      "Duta",
      "Enache",
      "Ene",
      "Farcas",
      "Filimon",
      "Filip",
      "Florea",
      "Florescu",
      "Fodor",
      "Fratila",
      "Gabor",
      "Gal",
      "Ganea",
      "Gavrila",
      "Georgescu",
      "Gheorghe",
      "Gheorghita",
      "Gheorghiu",
      "Gherman",
      "Ghita",
      "Giurgiu",
      "Grecu",
      "Grigoras",
      "Grigore",
      "Grigorescu",
      "Grosu",
      "Groza",
      "Horvath",
      "Iacob",
      "Iancu",
      "Ichim",
      "Ignat",
      "Ilie",
      "Iliescu",
      "Ion",
      "Ionescu",
      "Ionita",
      "Iordache",
      "Iorga",
      "Iosif",
      "Irimia",
      "Ispas",
      "Istrate",
      "Ivan",
      "Ivascu",
      "Kiss",
      "Kovacs",
      "Lazar",
      "Luca",
      "Lungu",
      "Lupu",
      "Macovei",
      "Maftei",
      "Man",
      "Manea",
      "Manolache",
      "Manole",
      "Marcu",
      "Marginean",
      "Marian",
      "Marin",
      "Marinescu",
      "Martin",
      "Mateescu",
      "Matei",
      "Maxim",
      "Mazilu",
      "Micu",
      "Mihai",
      "Mihaila",
      "Mihailescu",
      "Mihalache",
      "Mihalcea",
      "Milea",
      "Militaru",
      "Mircea",
      "Mirea",
      "Miron",
      "Miu",
      "Mocanu",
      "Moga",
      "Moise",
      "Moldovan",
      "Moldoveanu",
      "Molnar",
      "Morar",
      "Moraru",
      "Muntean",
      "Munteanu",
      "Muresan",
      "Musat",
      "Nagy",
      "Nastase",
      "Neacsu",
      "Neagoe",
      "Neagu",
      "Neamtu",
      "Nechita",
      "Necula",
      "Nedelcu",
      "Negoita",
      "Negrea",
      "Negru",
      "Nemes",
      "Nica",
      "Nicoara",
      "Nicolae",
      "Nicolescu",
      "Niculae",
      "Niculescu",
      "Nistor",
      "Nita",
      "Nitu",
      "Oancea",
      "Olariu",
      "Olaru",
      "Oltean",
      "Olteanu",
      "Oprea",
      "Opris",
      "Paduraru",
      "Pana",
      "Panait",
      "Paraschiv",
      "Parvu",
      "Pasca",
      "Pascu",
      "Patrascu",
      "Paun",
      "Pavel",
      "Petcu",
      "Peter",
      "Petre",
      "Petrea",
      "Petrescu",
      "Pintea",
      "Pintilie",
      "Pirvu",
      "Pop",
      "Popa",
      "Popescu",
      "Popovici",
      "Preda",
      "Prodan",
      "Puiu",
      "Radoi",
      "Radu",
      "Radulescu",
      "Roman",
      "Rosca",
      "Rosu",
      "Rotaru",
      "Rus",
      "Rusu",
      "Sabau",
      "Sandor",
      "Sandu",
      "Sarbu",
      "Sava",
      "Savu",
      "Serban",
      "Sima",
      "Simion",
      "Simionescu",
      "Simon",
      "Sirbu",
      "Soare",
      "Solomon",
      "Staicu",
      "Stan",
      "Stanciu",
      "Stancu",
      "Stanescu",
      "Stefan",
      "Stefanescu",
      "Stoian",
      "Stoica",
      "Stroe",
      "Suciu",
      "Szabo",
      "Szasz",
      "Szekely",
      "Tamas",
      "Tanase",
      "Tataru",
      "Teodorescu",
      "Toader",
      "Toma",
      "Tomescu",
      "Toth",
      "Trandafir",
      "Trif",
      "Trifan",
      "Tudor",
      "Tudorache",
      "Tudose",
      "Turcu",
      "Ungureanu",
      "Ursu",
      "Vaduva",
      "Varga",
      "Vasile",
      "Vasilescu",
      "Vasiliu",
      "Veres",
      "Vintila",
      "Visan",
      "Vlad",
      "Voicu",
      "Voinea",
      "Zaharia",
      "Zamfir"
    ],
    "prefix": [
      "Dl",
      "Dna",
      "Dra"
    ],
    "suffix": [
      "Jr.",
      "Sr."
    ],
    "name": [
      "#{male_first_name} #{last_name}",
      "#{male_first_name} #{last_name}",
      "#{male_first_name} #{last_name}",
      "#{male_first_name} #{last_name}",
      "#{male_first_name} #{last_name}",
      "#{male_first_name} #{last_name}",
      "#{last_name} #{male_first_name}",
      "#{last_name} #{male_first_name}",
      "#{last_name} #{male_first_name}",
      "#{last_name} #{male_first_name}",
      "#{last_name} #{male_first_name}",
      "#{last_name} #{male_first_name}",
      "#{prefix} #{male_first_name} #{last_name}",
      "#{prefix} #{male_first_name} #{last_name}",
      "#{prefix} #{male_first_name} #{last_name}",
      "#{male_first_name} #{last_name}, #{suffix}",
      "#{prefix} #{male_first_name} #{last_name}, #{suffix}",
      "#{female_first_name} #{last_name}",
      "#{female_first_name} #{last_name}",
      "#{female_first_name} #{last_name}",
      "#{female_first_name} #{last_name}",
      "#{female_first_name} #{last_name}",
      "#{female_first_name} #{last_name}",
      "#{last_name} #{female_first_name}",
      "#{last_name} #{female_first_name}",
      "#{last_name} #{female_first_name}",
      "#{last_name} #{female_first_name}",
      "#{last_name} #{female_first_name}",
      "#{last_name} #{female_first_name}",
      "#{prefix} #{female_first_name} #{last_name}",
      "#{prefix} #{female_first_name} #{last_name}",
      "#{prefix} #{female_first_name} #{last_name}"
    ]
  },
  "phone_number": {
    "formats": [
      "021######",
      "031######",
      "0258######",
      "0358######",
      "0257######",
      "0357######",
      "0248######",
      "0348######",
      "0234######",
      "0334######",
      "0259######",
      "0359######",
      "0263######",
      "0363######",
      "0231######",
      "0331######",
      "0239######",
      "0339######",
      "0268######",
      "0368######",
      "0238######",
      "0338######",
      "0242######",
      "0342######",
      "0255######",
      "0355######",
      "0264######",
      "0364######",
      "0241######",
      "0341######",
      "0267######",
      "0367######",
      "0245######",
      "0345######",
      "0251######",
      "0351######",
      "0236######",
      "0336######",
      "0246######",
      "0346######",
      "0253######",
      "0353######",
      "0266######",
      "0366######",
      "0254######",
      "0354######",
      "0243######",
      "0343######",
      "0232######",
      "0332######",
      "0262######",
      "0362######",
      "0252######",
      "0352######",
      "0265######",
      "0365######",
      "0233######",
      "0333######",
      "0249######",
      "0349######",
      "0244######",
      "0344######",
      "0260######",
      "0360######",
      "0261######",
      "0361######",
      "0269######",
      "0369######",
      "0230######",
      "0330######",
      "0247######",
      "0347######",
      "0256######",
      "0356######",
      "0240######",
      "0340######",
      "0250######",
      "0350######",
      "0235######",
      "0335######",
      "0237######",
      "0337######"
    ]
  }
}