{
  "title": "Slovakian",
  "address": {
    "city_prefix": [
      "North",
      "East",
      "West",
      "South",
      "New",
      "Lake",
      "Port"
    ],
    "city_suffix": [
      "town",
      "ton",
      "land",
      "ville",
      "berg",
      "burgh",
      "borough",
      "bury",
      "view",
      "port",
      "mouth",
      "stad",
      "furt",
      "chester",
      "mouth",
      "fort",
      "haven",
      "side",
      "shire"
    ],
    "country": [
      "Afganistan",
      "Afgánsky islamský štát",
      "Albánsko",
      "Albánska republika",
      "Alžírsko",
      "Alžírska demokratická ľudová republika",
      "Andorra",
      "Andorrské kniežatsvo",
      "Angola",
      "Angolská republika",
      "Antigua a Barbuda",
      "Antigua a Barbuda",
      "Argentína",
      "Argentínska republika",
      "Arménsko",
      "Arménska republika",
      "Austrália",
      "Austrálsky zväz",
      "Azerbajdžan",
      "Azerbajdžanská republika",
      "Bahamy",
      "Bahamské spoločenstvo",
      "Bahrajn",
      "Bahrajnské kráľovstvo",
      "Bangladéš",
      "Bangladéšska ľudová republika",
      "Barbados",
      "Barbados",
      "Belgicko",
      "Belgické kráľovstvo",
      "Belize",
      "Belize",
      "Benin",
      "Beninská republika",
      "Bhután",
      "Bhutánske kráľovstvo",
      "Bielorusko",
      "Bieloruská republika",
      "Bolívia",
      "Bolívijská republika",
      "Bosna a Hercegovina",
      "Republika Bosny a Hercegoviny",
      "Botswana",
      "Botswanská republika",
      "Brazília",
      "Brazílska federatívna republika",
      "Brunej",
      "Brunejský sultanát",
      "Bulharsko",
      "Bulharská republika",
      "Burkina Faso",
      "Burkina Faso",
      "Burundi",
      "Burundská republika",
      "Cyprus",
      "Cyperská republika",
      "Čad",
      "Republika Čad",
      "Česko",
      "Česká republika",
      "Čína",
      "Čínska ľudová republika",
      "Dánsko",
      "Dánsko kráľovstvo",
      "Dominika",
      "Spoločenstvo Dominika",
      "Dominikánska republika",
      "Dominikánska republika",
      "Džibutsko",
      "Džibutská republika",
      "Egypt",
      "Egyptská arabská republika",
      "Ekvádor",
      "Ekvádorská republika",
      "Eritrea",
      "Eritrejský štát",
      "Estónsko",
      "Estónska republika",
      "Etiópia",
      "Etiópska federatívna demokratická republika",
      "Fidži",
      "Republika ostrovy Fidži",
      "Filipíny",
      "Filipínska republika",
      "Fínsko",
      "Fínska republika",
      "Francúzsko",
      "Francúzska republika",
      "Gabon",
      "Gabonská republika",
      "Gambia",
      "Gambijská republika",
      "Ghana",
      "Ghanská republika",
      "Grécko",
      "Helénska republika",
      "Grenada",
      "Grenada",
      "Gruzínsko",
      "Gruzínsko",
      "Guatemala",
      "Guatemalská republika",
      "Guinea",
      "Guinejská republika",
      "Guinea-Bissau",
      "Republika Guinea-Bissau",
      "Guayana",
      "Guayanská republika",
      "Haiti",
      "Republika Haiti",
      "Holandsko",
      "Holandské kráľovstvo",
      "Honduras",
      "Honduraská republika",
      "Chile",
      "Čílska republika",
      "Chorvátsko",
      "Chorvátska republika",
      "India",
      "Indická republika",
      "Indonézia",
      "Indonézska republika",
      "Irak",
      "Iracká republika",
      "Irán",
      "Iránska islamská republika",
      "Island",
      "Islandská republika",
      "Izrael",
      "Štát Izrael",
      "Írsko",
      "Írska republika",
      "Jamajka",
      "Jamajka",
      "Japonsko",
      "Japonsko",
      "Jemen",
      "Jemenská republika",
      "Jordánsko",
      "Jordánske hášimovské kráľovstvo",
      "Južná Afrika",
      "Juhoafrická republika",
      "Kambodža",
      "Kambodžské kráľovstvo",
      "Kamerun",
      "Kamerunská republika",
      "Kanada",
      "Kanada",
      "Kapverdy",
      "Kapverdská republika",
      "Katar",
      "Štát Katar",
      "Kazachstan",
      "Kazašská republika",
      "Keňa",
      "Kenská republika",
      "Kirgizsko",
      "Kirgizská republika",
      "Kiribati",
      "Kiribatská republika",
      "Kolumbia",
      "Kolumbijská republika",
      "Komory",
      "Komorská únia",
      "Kongo",
      "Konžská demokratická republika",
      "Kongo (\"Brazzaville\")",
      "Konžská republika",
      "Kórea (\"Južná\")",
      "Kórejská republika",
      "Kórea (\"Severná\")",
      "Kórejská ľudovodemokratická republika",
      "Kostarika",
      "Kostarická republika",
      "Kuba",
      "Kubánska republika",
      "Kuvajt",
      "Kuvajtský štát",
      "Laos",
      "Laoská ľudovodemokratická republika",
      "Lesotho",
      "Lesothské kráľovstvo",
      "Libanon",
      "Libanonská republika",
      "Libéria",
      "Libérijská republika",
      "Líbya",
      "Líbyjská arabská ľudová socialistická džamáhírija",
      "Lichtenštajnsko",
      "Lichtenštajnské kniežatstvo",
      "Litva",
      "Litovská republika",
      "Lotyšsko",
      "Lotyšská republika",
      "Luxembursko",
      "Luxemburské veľkovojvodstvo",
      "Macedónsko",
      "Macedónska republika",
      "Madagaskar",
      "Madagaskarská republika",
      "Maďarsko",
      "Maďarská republika",
      "Malajzia",
      "Malajzia",
      "Malawi",
      "Malawijská republika",
      "Maldivy",
      "Maldivská republika",
      "Mali",
      "Malijská republika",
      "Malta",
      "Malta",
      "Maroko",
      "Marocké kráľovstvo",
      "Marshallove ostrovy",
      "Republika Marshallových ostrovy",
      "Mauritánia",
      "Mauritánska islamská republika",
      "Maurícius",
      "Maurícijská republika",
      "Mexiko",
      "Spojené štáty mexické",
      "Mikronézia",
      "Mikronézske federatívne štáty",
      "Mjanmarsko",
      "Mjanmarský zväz",
      "Moldavsko",
      "Moldavská republika",
      "Monako",
      "Monacké kniežatstvo",
      "Mongolsko",
      "Mongolsko",
      "Mozambik",
      "Mozambická republika",
      "Namíbia",
      "Namíbijská republika",
      "Nauru",
      "Naurská republika",
      "Nemecko",
      "Nemecká spolková republika",
      "Nepál",
      "Nepálske kráľovstvo",
      "Niger",
      "Nigerská republika",
      "Nigéria",
      "Nigérijská federatívna republika",
      "Nikaragua",
      "Nikaragujská republika",
      "Nový Zéland",
      "Nový Zéland",
      "Nórsko",
      "Nórske kráľovstvo",
      "Omán",
      "Ománsky sultanát",
      "Pakistan",
      "Pakistanská islamská republika",
      "Palau",
      "Palauská republika",
      "Panama",
      "Panamská republika",
      "Papua-Nová Guinea",
      "Nezávislý štát Papua-Nová Guinea",
      "Paraguaj",
      "Paraguajská republika",
      "Peru",
      "Peruánska republika",
      "Pobrežie Slonoviny",
      "Republika Pobrežie Slonoviny",
      "Poľsko",
      "Poľská republika",
      "Portugalsko",
      "Portugalská republika",
      "Rakúsko",
      "Rakúska republika",
      "Rovníková Guinea",
      "Republika Rovníková Guinea",
      "Rumunsko",
      "Rumunsko",
      "Rusko",
      "Ruská federácia",
      "Rwanda",
      "Rwandská republika",
      "Salvádor",
      "Salvádorská republika",
      "Samoa",
      "Nezávislý štát Samoa",
      "San Maríno",
      "Sanmarínska republika",
      "Saudská Arábia",
      "Kráľovstvo Saudskej Arábie",
      "Senegal",
      "Senegalská republika",
      "Seychely",
      "Seychelská republika",
      "Sierra Leone",
      "Republika Sierra Leone",
      "Singapur",
      "Singapurska republika",
      "Slovensko",
      "Slovenská republika",
      "Slovinsko",
      "Slovinská republika",
      "Somálsko",
      "Somálska demokratická republika",
      "Spojené arabské emiráty",
      "Spojené arabské emiráty",
      "Spojené štáty americké",
      "Spojené štáty americké",
      "Srbsko a Čierna Hora",
      "Srbsko a Čierna Hora",
      "Srí Lanka",
      "Demokratická socialistická republika Srí Lanka",
      "Stredoafrická republika",
      "Stredoafrická republika",
      "Sudán",
      "Sudánska republika",
      "Surinam",
      "Surinamská republika",
      "Svazijsko",
      "Svazijské kráľovstvo",
      "Svätá Lucia",
      "Svätá Lucia",
      "Svätý Krištof a Nevis",
      "Federácia Svätý Krištof a Nevis",
      "Sv. Tomáš a Princov Ostrov",
      "Demokratická republika Svätý Tomáš a Princov Ostrov",
      "Sv. Vincent a Grenadíny",
      "Svätý Vincent a Grenadíny",
      "Sýria",
      "Sýrska arabská republika",
      "Šalamúnove ostrovy",
      "Šalamúnove ostrovy",
      "Španielsko",
      "Španielske kráľovstvo",
      "Švajčiarsko",
      "Švajčiarska konfederácia",
      "Švédsko",
      "Švédske kráľovstvo",
      "Tadžikistan",
      "Tadžická republika",
      "Taliansko",
      "Talianska republika",
      "Tanzánia",
      "Tanzánijská zjednotená republika",
      "Thajsko",
      "Thajské kráľovstvo",
      "Togo",
      "Tožská republika",
      "Tonga",
      "Tonžské kráľovstvo",
      "Trinidad a Tobago",
      "Republika Trinidad a Tobago",
      "Tunisko",
      "Tuniská republika",
      "Turecko",
      "Turecká republika",
      "Turkménsko",
      "Turkménsko",
      "Tuvalu",
      "Tuvalu",
      "Uganda",
      "Ugandská republika",
      "Ukrajina",
      "Uruguaj",
      "Uruguajská východná republika",
      "Uzbekistan",
      "Vanuatu",
      "Vanuatská republika",
      "Vatikán",
      "Svätá Stolica",
      "Veľká Británia",
      "Spojené kráľovstvo Veľkej Británie a Severného Írska",
      "Venezuela",
      "Venezuelská bolívarovská republika",
      "Vietnam",
      "Vietnamská socialistická republika",
      "Východný Timor",
      "Demokratická republika Východný Timor",
      "Zambia",
      "Zambijská republika",
      "Zimbabwe",
      "Zimbabwianska republika"
    ],
    "building_number": [
      "#",
      "##",
      "###"
    ],
    "secondary_address": [
      "Apt. ###",
      "Suite ###"
    ],
    "postcode": [
      "#####",
      "### ##",
      "## ###"
    ],
    "state": [],
    "state_abbr": [],
    "time_zone": [
      "Pacific/Midway",
      "Pacific/Pago_Pago",
      "Pacific/Honolulu",
      "America/Juneau",
      "America/Los_Angeles",
      "America/Tijuana",
      "America/Denver",
      "America/Phoenix",
      "America/Chihuahua",
      "America/Mazatlan",
      "America/Chicago",
      "America/Regina",
      "America/Mexico_City",
      "America/Mexico_City",
      "America/Monterrey",
      "America/Guatemala",
      "America/New_York",
      "America/Indiana/Indianapolis",
      "America/Bogota",
      "America/Lima",
      "America/Lima",
      "America/Halifax",
      "America/Caracas",
      "America/La_Paz",
      "America/Santiago",
      "America/St_Johns",
      "America/Sao_Paulo",
      "America/Argentina/Buenos_Aires",
      "America/Guyana",
      "America/Godthab",
      "Atlantic/South_Georgia",
      "Atlantic/Azores",
      "Atlantic/Cape_Verde",
      "Europe/Dublin",
      "Europe/London",
      "Europe/Lisbon",
      "Europe/London",
      "Africa/Casablanca",
      "Africa/Monrovia",
      "Etc/UTC",
      "Europe/Belgrade",
      "Europe/Bratislava",
      "Europe/Budapest",
      "Europe/Ljubljana",
      "Europe/Prague",
      "Europe/Sarajevo",
      "Europe/Skopje",
      "Europe/Warsaw",
      "Europe/Zagreb",
      "Europe/Brussels",
      "Europe/Copenhagen",
      "Europe/Madrid",
      "Europe/Paris",
      "Europe/Amsterdam",
      "Europe/Berlin",
      "Europe/Berlin",
      "Europe/Rome",
      "Europe/Stockholm",
      "Europe/Vienna",
      "Africa/Algiers",
      "Europe/Bucharest",
      "Africa/Cairo",
      "Europe/Helsinki",
      "Europe/Kiev",
      "Europe/Riga",
      "Europe/Sofia",
      "Europe/Tallinn",
      "Europe/Vilnius",
      "Europe/Athens",
      "Europe/Istanbul",
      "Europe/Minsk",
      "Asia/Jerusalem",
      "Africa/Harare",
      "Africa/Johannesburg",
      "Europe/Moscow",
      "Europe/Moscow",
      "Europe/Moscow",
      "Asia/Kuwait",
      "Asia/Riyadh",
      "Africa/Nairobi",
      "Asia/Baghdad",
      "Asia/Tehran",
      "Asia/Muscat",
      "Asia/Muscat",
      "Asia/Baku",
      "Asia/Tbilisi",
      "Asia/Yerevan",
      "Asia/Kabul",
      "Asia/Yekaterinburg",
      "Asia/Karachi",
      "Asia/Karachi",
      "Asia/Tashkent",
      "Asia/Kolkata",
      "Asia/Kolkata",
      "Asia/Kolkata",
      "Asia/Kolkata",
      "Asia/Kathmandu",
      "Asia/Dhaka",
      "Asia/Dhaka",
      "Asia/Colombo",
      "Asia/Almaty",
      "Asia/Novosibirsk",
      "Asia/Rangoon",
      "Asia/Bangkok",
      "Asia/Bangkok",
      "Asia/Jakarta",
      "Asia/Krasnoyarsk",
      "Asia/Shanghai",
      "Asia/Chongqing",
      "Asia/Hong_Kong",
      "Asia/Urumqi",
      "Asia/Kuala_Lumpur",
      "Asia/Singapore",
      "Asia/Taipei",
      "Australia/Perth",
      "Asia/Irkutsk",
      "Asia/Ulaanbaatar",
      "Asia/Seoul",
      "Asia/Tokyo",
      "Asia/Tokyo",
      "Asia/Tokyo",
      "Asia/Yakutsk",
      "Australia/Darwin",
      "Australia/Adelaide",
      "Australia/Melbourne",
      "Australia/Melbourne",
      "Australia/Sydney",
      "Australia/Brisbane",
      "Australia/Hobart",
      "Asia/Vladivostok",
      "Pacific/Guam",
      "Pacific/Port_Moresby",
      "Asia/Magadan",
      "Asia/Magadan",
      "Pacific/Noumea",
      "Pacific/Fiji",
      "Asia/Kamchatka",
      "Pacific/Majuro",
      "Pacific/Auckland",
      "Pacific/Auckland",
      "Pacific/Tongatapu",
      "Pacific/Fakaofo",
      "Pacific/Apia"
    ],
    "city_name": [
      "Bánovce nad Bebravou",
      "Banská Bystrica",
      "Banská Štiavnica",
      "Bardejov",
      "Bratislava I",
      "Bratislava II",
      "Bratislava III",
      "Bratislava IV",
      "Bratislava V",
      "Brezno",
      "Bytča",
      "Čadca",
      "Detva",
      "Dolný Kubín",
      "Dunajská Streda",
      "Galanta",
      "Gelnica",
      "Hlohovec",
      "Humenné",
      "Ilava",
      "Kežmarok",
      "Komárno",
      "Košice I",
      "Košice II",
      "Košice III",
      "Košice IV",
      "Košice-okolie",
      "Krupina",
      "Kysucké Nové Mesto",
      "Levice",
      "Levoča",
      "Liptovský Mikuláš",
      "Lučenec",
      "Malacky",
      "Martin",
      "Medzilaborce",
      "Michalovce",
      "Myjava",
      "Námestovo",
      "Nitra",
      "Nové Mesto n.Váhom",
      "Nové Zámky",
      "Partizánske",
      "Pezinok",
      "Piešťany",
      "Poltár",
      "Poprad",
      "Považská Bystrica",
      "Prešov",
      "Prievidza",
      "Púchov",
      "Revúca",
      "Rimavská Sobota",
      "Rožňava",
      "Ružomberok",
      "Sabinov",
      "Šaľa",
      "Senec",
      "Senica",
      "Skalica",
      "Snina",
      "Sobrance",
      "Spišská Nová Ves",
      "Stará Ľubovňa",
      "Stropkov",
      "Svidník",
      "Topoľčany",
      "Trebišov",
      "Trenčín",
      "Trnava",
      "Turčianske Teplice",
      "Tvrdošín",
      "Veľký Krtíš",
      "Vranov nad Topľou",
      "Žarnovica",
      "Žiar nad Hronom",
      "Žilina",
      "Zlaté Moravce",
      "Zvolen"
    ],
    "city": [
      "#{city_name}"
    ],
    "street": [
      "Adámiho",
      "Ahoj",
      "Albína Brunovského",
      "Albrechtova",
      "Alejová",
      "Alešova",
      "Alibernetová",
      "Alžbetínska",
      "Alžbety Gwerkovej",
      "Ambroseho",
      "Ambrušova",
      "Americká",
      "Americké námestie",
      "Americké námestie",
      "Andreja Mráza",
      "Andreja Plávku",
      "Andrusovova",
      "Anenská",
      "Anenská",
      "Antolská",
      "Astronomická",
      "Astrová",
      "Azalková",
      "Azovská",
      "Babuškova",
      "Bachova",
      "Bajkalská",
      "Bajkalská",
      "Bajkalská",
      "Bajkalská",
      "Bajkalská",
      "Bajkalská",
      "Bajzova",
      "Bancíkovej",
      "Banícka",
      "Baníkova",
      "Banskobystrická",
      "Banšelova",
      "Bardejovská",
      "Bartókova",
      "Bartoňova",
      "Bartoškova",
      "Baštová",
      "Bazová",
      "Bažantia",
      "Beblavého",
      "Beckovská",
      "Bedľová",
      "Belániková",
      "Belehradská",
      "Belinského",
      "Belopotockého",
      "Beňadická",
      "Bencúrova",
      "Benediktiho",
      "Beniakova",
      "Bernolákova",
      "Beskydská",
      "Betliarska",
      "Bezručova",
      "Biela",
      "Bielkova",
      "Björnsonova",
      "Blagoevova",
      "Blatnická",
      "Blumentálska",
      "Blyskáčová",
      "Bočná",
      "Bohrova",
      "Bohúňova",
      "Bojnická",
      "Borodáčova",
      "Borská",
      "Bosákova",
      "Botanická",
      "Bottova",
      "Boženy Němcovej",
      "Bôrik",
      "Bradáčova",
      "Bradlianska",
      "Brančská",
      "Bratská",
      "Brestová",
      "Brezovská",
      "Briežky",
      "Brnianska",
      "Brodná",
      "Brodská",
      "Broskyňová",
      "Břeclavská",
      "Budatínska",
      "Budatínska",
      "Budatínska",
      "Búdkova  cesta",
      "Budovateľská",
      "Budyšínska",
      "Budyšínska",
      "Buková",
      "Bukureštská",
      "Bulharská",
      "Bulíkova",
      "Bystrého",
      "Bzovícka",
      "Cablkova",
      "Cesta na Červený most",
      "Cesta na Červený most",
      "Cesta na Senec",
      "Cikkerova",
      "Cintorínska",
      "Cintulova",
      "Cukrová",
      "Cyrilova",
      "Čajakova",
      "Čajkovského",
      "Čaklovská",
      "Čalovská",
      "Čapajevova",
      "Čapkova",
      "Čárskeho",
      "Čavojského",
      "Čečinová",
      "Čelakovského",
      "Čerešňová",
      "Černyševského",
      "Červeňova",
      "Česká",
      "Československých par",
      "Čipkárska",
      "Čmelíkova",
      "Čmeľovec",
      "Čulenova",
      "Daliborovo námestie",
      "Dankovského",
      "Dargovská",
      "Ďatelinová",
      "Daxnerovo námestie",
      "Devínska cesta",
      "Dlhé diely I.",
      "Dlhé diely II.",
      "Dlhé diely III.",
      "Dobrovičova",
      "Dobrovičova",
      "Dobrovského",
      "Dobšinského",
      "Dohnalova",
      "Dohnányho",
      "Doležalova",
      "Dolná",
      "Dolnozemská cesta",
      "Domkárska",
      "Domové role",
      "Donnerova",
      "Donovalova",
      "Dostojevského rad",
      "Dr. Vladimíra Clemen",
      "Drevená",
      "Drieňová",
      "Drieňová",
      "Drieňová",
      "Drotárska cesta",
      "Drotárska cesta",
      "Drotárska cesta",
      "Družicová",
      "Družstevná",
      "Dubnická",
      "Dubová",
      "Dúbravská cesta",
      "Dudova",
      "Dulovo námestie",
      "Dulovo námestie",
      "Dunajská",
      "Dvořákovo nábrežie",
      "Edisonova",
      "Einsteinova",
      "Elektrárenská",
      "Exnárova",
      "F. Kostku",
      "Fadruszova",
      "Fajnorovo nábrežie",
      "Fándlyho",
      "Farebná",
      "Farská",
      "Farského",
      "Fazuľová",
      "Fedinova",
      "Ferienčíkova",
      "Fialkové údolie",
      "Fibichova",
      "Filiálne nádražie",
      "Flöglova",
      "Floriánske námestie",
      "Fraňa Kráľa",
      "Francisciho",
      "Francúzskych partizá",
      "Františkánska",
      "Františkánske námest",
      "Furdekova",
      "Furdekova",
      "Gabčíkova",
      "Gagarinova",
      "Gagarinova",
      "Gagarinova",
      "Gajova",
      "Galaktická",
      "Galandova",
      "Gallova",
      "Galvaniho",
      "Gašparíkova",
      "Gaštanová",
      "Gavlovičova",
      "Gemerská",
      "Gercenova",
      "Gessayova",
      "Gettingová",
      "Godrova",
      "Gogoľova",
      "Goláňova",
      "Gondova",
      "Goralská",
      "Gorazdova",
      "Gorkého",
      "Gregorovej",
      "Grösslingova",
      "Gruzínska",
      "Gunduličova",
      "Gusevova",
      "Haanova",
      "Haburská",
      "Halašova",
      "Hálkova",
      "Hálova",
      "Hamuliakova",
      "Hanácka",
      "Handlovská",
      "Hany Meličkovej",
      "Harmanecká",
      "Hasičská",
      "Hattalova",
      "Havlíčkova",
      "Havrania",
      "Haydnova",
      "Herlianska",
      "Herlianska",
      "Heydukova",
      "Hlaváčikova",
      "Hlavatého",
      "Hlavné námestie",
      "Hlboká cesta",
      "Hlboká cesta",
      "Hlivová",
      "Hlučínska",
      "Hodálova",
      "Hodžovo námestie",
      "Holekova",
      "Holíčska",
      "Hollého",
      "Holubyho",
      "Hontianska",
      "Horárska",
      "Horné Židiny",
      "Horská",
      "Horská",
      "Hrad",
      "Hradné údolie",
      "Hrachová",
      "Hraničná",
      "Hrebendova",
      "Hríbová",
      "Hriňovská",
      "Hrobákova",
      "Hrobárska",
      "Hroboňova",
      "Hudecova",
      "Humenské námestie",
      "Hummelova",
      "Hurbanovo námestie",
      "Hurbanovo námestie",
      "Hviezdoslavovo námes",
      "Hýrošova",
      "Chalupkova",
      "Chemická",
      "Chlumeckého",
      "Chorvátska",
      "Chorvátska",
      "Iľjušinova",
      "Ilkovičova",
      "Inovecká",
      "Inovecká",
      "Iskerníková",
      "Ivana Horvátha",
      "Ivánska cesta",
      "J.C.Hronského",
      "Jabloňová",
      "Jadrová",
      "Jakabova",
      "Jakubovo námestie",
      "Jamnického",
      "Jána Stanislava",
      "Janáčkova",
      "Jančova",
      "Janíkove role",
      "Jankolova",
      "Jánošíkova",
      "Jánoškova",
      "Janotova",
      "Jánska",
      "Jantárová cesta",
      "Jarabinková",
      "Jarná",
      "Jaroslavova",
      "Jarošova",
      "Jaseňová",
      "Jasná",
      "Jasovská",
      "Jastrabia",
      "Jašíkova",
      "Javorinská",
      "Javorová",
      "Jazdecká",
      "Jedlíkova",
      "Jégého",
      "Jelačičova",
      "Jelenia",
      "Jesenná",
      "Jesenského",
      "Jiráskova",
      "Jiskrova",
      "Jozefská",
      "Junácka",
      "Jungmannova",
      "Jurigovo námestie",
      "Jurovského",
      "Jurská",
      "Justičná",
      "K lomu",
      "K Železnej studienke",
      "Kalinčiakova",
      "Kamenárska",
      "Kamenné námestie",
      "Kapicova",
      "Kapitulská",
      "Kapitulský dvor",
      "Kapucínska",
      "Kapušianska",
      "Karadžičova",
      "Karadžičova",
      "Karadžičova",
      "Karadžičova",
      "Karloveská",
      "Karloveské rameno",
      "Karpatská",
      "Kašmírska",
      "Kaštielska",
      "Kaukazská",
      "Kempelenova",
      "Kežmarské námestie",
      "Kladnianska",
      "Klariská",
      "Kláštorská",
      "Klatovská",
      "Klatovská",
      "Klemensova",
      "Klincová",
      "Klobučnícka",
      "Klokočova",
      "Kľukatá",
      "Kmeťovo námestie",
      "Koceľova",
      "Kočánkova",
      "Kohútova",
      "Kolárska",
      "Kolískova",
      "Kollárovo námestie",
      "Kollárovo námestie",
      "Kolmá",
      "Komárňanská",
      "Komárnická",
      "Komárnická",
      "Komenského námestie",
      "Kominárska",
      "Komonicová",
      "Konopná",
      "Konvalinková",
      "Konventná",
      "Kopanice",
      "Kopčianska",
      "Koperníkova",
      "Korabinského",
      "Koreničova",
      "Kostlivého",
      "Kostolná",
      "Košická",
      "Košická",
      "Košická",
      "Kováčska",
      "Kovorobotnícka",
      "Kozia",
      "Koziarka",
      "Kozmonautická",
      "Krajná",
      "Krakovská",
      "Kráľovské údolie",
      "Krasinského",
      "Kraskova",
      "Krásna",
      "Krásnohorská",
      "Krasovského",
      "Krátka",
      "Krčméryho",
      "Kremnická",
      "Kresánkova",
      "Krivá",
      "Križkova",
      "Krížna",
      "Krížna",
      "Krížna",
      "Krížna",
      "Krmanova",
      "Krompašská",
      "Krupinská",
      "Krupkova",
      "Kubániho",
      "Kubínska",
      "Kuklovská",
      "Kukučínova",
      "Kukuričná",
      "Kulíškova",
      "Kultúrna",
      "Kupeckého",
      "Kúpeľná",
      "Kutlíkova",
      "Kutuzovova",
      "Kuzmányho",
      "Kvačalova",
      "Kvetná",
      "Kýčerského",
      "Kyjevská",
      "Kysucká",
      "Laborecká",
      "Lackova",
      "Ladislava Sáru",
      "Ľadová",
      "Lachova",
      "Ľaliová",
      "Lamačská cesta",
      "Lamačská cesta",
      "Lamanského",
      "Landererova",
      "Langsfeldova",
      "Ľanová",
      "Laskomerského",
      "Laučekova",
      "Laurinská",
      "Lazaretská",
      "Lazaretská",
      "Legerského",
      "Legionárska",
      "Legionárska",
      "Lehockého",
      "Lehockého",
      "Lenardova",
      "Lermontovova",
      "Lesná",
      "Leškova",
      "Letecká",
      "Letisko M.R.Štefánik",
      "Letná",
      "Levárska",
      "Levická",
      "Levočská",
      "Lidická",
      "Lietavská",
      "Lichardova",
      "Lipová",
      "Lipovinová",
      "Liptovská",
      "Listová",
      "Líščie nivy",
      "Líščie údolie",
      "Litovská",
      "Lodná",
      "Lombardiniho",
      "Lomonosovova",
      "Lopenícka",
      "Lovinského",
      "Ľubietovská",
      "Ľubinská",
      "Ľubľanská",
      "Ľubochnianska",
      "Ľubovnianska",
      "Lúčna",
      "Ľudové námestie",
      "Ľudovíta Fullu",
      "Luhačovická",
      "Lužická",
      "Lužná",
      "Lýcejná",
      "Lykovcová",
      "M. Hella",
      "Magnetová",
      "Macharova",
      "Majakovského",
      "Majerníkova",
      "Májkova",
      "Májová",
      "Makovického",
      "Malá",
      "Malé pálenisko",
      "Malinová",
      "Malý Draždiak",
      "Malý trh",
      "Mamateyova",
      "Mamateyova",
      "Mánesovo námestie",
      "Mariánska",
      "Marie Curie-Sklodows",
      "Márie Medveďovej",
      "Markova",
      "Marótyho",
      "Martákovej",
      "Martinčekova",
      "Martinčekova",
      "Martinengova",
      "Martinská",
      "Mateja Bela",
      "Matejkova",
      "Matičná",
      "Matúšova",
      "Medená",
      "Medzierka",
      "Medzilaborecká",
      "Merlotová",
      "Mesačná",
      "Mestská",
      "Meteorová",
      "Metodova",
      "Mickiewiczova",
      "Mierová",
      "Michalská",
      "Mikovíniho",
      "Mikulášska",
      "Miletičova",
      "Miletičova",
      "Mišíkova",
      "Mišíkova",
      "Mišíkova",
      "Mliekárenská",
      "Mlynarovičova",
      "Mlynská dolina",
      "Mlynská dolina",
      "Mlynská dolina",
      "Mlynské luhy",
      "Mlynské nivy",
      "Mlynské nivy",
      "Mlynské nivy",
      "Mlynské nivy",
      "Mlynské nivy",
      "Mlyny",
      "Modranská",
      "Mojmírova",
      "Mokráň záhon",
      "Mokrohájska cesta",
      "Moldavská",
      "Molecova",
      "Moravská",
      "Moskovská",
      "Most SNP",
      "Mostová",
      "Mošovského",
      "Motýlia",
      "Moyzesova",
      "Mozartova",
      "Mraziarenská",
      "Mudroňova",
      "Mudroňova",
      "Mudroňova",
      "Muchovo námestie",
      "Murgašova",
      "Muškátová",
      "Muštová",
      "Múzejná",
      "Myjavská",
      "Mýtna",
      "Mýtna",
      "Na Baránku",
      "Na Brezinách",
      "Na Hrebienku",
      "Na Kalvárii",
      "Na Kampárke",
      "Na kopci",
      "Na križovatkách",
      "Na lánoch",
      "Na paši",
      "Na piesku",
      "Na Riviére",
      "Na Sitine",
      "Na Slavíne",
      "Na stráni",
      "Na Štyridsiatku",
      "Na úvrati",
      "Na vŕšku",
      "Na výslní",
      "Nábělkova",
      "Nábrežie arm. gen. L",
      "Nábrežná",
      "Nad Dunajom",
      "Nad lomom",
      "Nad lúčkami",
      "Nad lúčkami",
      "Nad ostrovom",
      "Nad Sihoťou",
      "Námestie 1. mája",
      "Námestie Alexandra D",
      "Námestie Biely kríž",
      "Námestie Hraničiarov",
      "Námestie Jána Pavla",
      "Námestie Ľudovíta Št",
      "Námestie Martina Ben",
      "Nám. M.R.Štefánika",
      "Námestie slobody",
      "Námestie slobody",
      "Námestie SNP",
      "Námestie SNP",
      "Námestie sv. Františ",
      "Narcisová",
      "Nedbalova",
      "Nekrasovova",
      "Neronetová",
      "Nerudova",
      "Nevädzová",
      "Nezábudková",
      "Niťová",
      "Nitrianska",
      "Nížinná",
      "Nobelova",
      "Nobelovo námestie",
      "Nová",
      "Nová Rožňavská",
      "Novackého",
      "Nové pálenisko",
      "Nové záhrady I",
      "Nové záhrady II",
      "Nové záhrady III",
      "Nové záhrady IV",
      "Nové záhrady V",
      "Nové záhrady VI",
      "Nové záhrady VII",
      "Novinárska",
      "Novobanská",
      "Novohradská",
      "Novosvetská",
      "Novosvetská",
      "Novosvetská",
      "Obežná",
      "Obchodná",
      "Očovská",
      "Odbojárov",
      "Odborárska",
      "Odborárske námestie",
      "Odborárske námestie",
      "Ohnicová",
      "Okánikova",
      "Okružná",
      "Olbrachtova",
      "Olejkárska",
      "Ondavská",
      "Ondrejovova",
      "Oravská",
      "Orechová cesta",
      "Orechový rad",
      "Oriešková",
      "Ormisova",
      "Osadná",
      "Ostravská",
      "Ostredková",
      "Osuského",
      "Osvetová",
      "Otonelská",
      "Ovručská",
      "Ovsištské námestie",
      "Pajštúnska",
      "Palackého",
      "Palárikova",
      "Palárikova",
      "Pálavská",
      "Palisády",
      "Palisády",
      "Palisády",
      "Palkovičova",
      "Panenská",
      "Pankúchova",
      "Panónska cesta",
      "Panská",
      "Papánkovo námestie",
      "Papraďová",
      "Páričkova",
      "Parková",
      "Partizánska",
      "Pasienky",
      "Paulínyho",
      "Pavlovičova",
      "Pavlovova",
      "Pavlovská",
      "Pažického",
      "Pažítková",
      "Pečnianska",
      "Pernecká",
      "Pestovateľská",
      "Peterská",
      "Petzvalova",
      "Pezinská",
      "Piesočná",
      "Piešťanská",
      "Pifflova",
      "Pilárikova",
      "Pionierska",
      "Pivoňková",
      "Planckova",
      "Planét",
      "Plátenícka",
      "Pluhová",
      "Plynárenská",
      "Plzenská",
      "Pobrežná",
      "Pod Bôrikom",
      "Pod Kalváriou",
      "Pod lesom",
      "Pod Rovnicami",
      "Pod vinicami",
      "Podhorského",
      "Podjavorinskej",
      "Podlučinského",
      "Podniková",
      "Podtatranského",
      "Pohronská",
      "Polárna",
      "Poloreckého",
      "Poľná",
      "Poľská",
      "Poludníková",
      "Porubského",
      "Poštová",
      "Považská",
      "Povraznícka",
      "Povraznícka",
      "Pražská",
      "Predstaničné námesti",
      "Prepoštská",
      "Prešernova",
      "Prešovská",
      "Prešovská",
      "Prešovská",
      "Pri Bielom kríži",
      "Pri dvore",
      "Pri Dynamitke",
      "Pri Habánskom mlyne",
      "Pri hradnej studni",
      "Pri seči",
      "Pri Starej Prachárni",
      "Pri Starom háji",
      "Pri Starom Mýte",
      "Pri strelnici",
      "Pri Suchom mlyne",
      "Pri zvonici",
      "Pribinova",
      "Pribinova",
      "Pribinova",
      "Pribišova",
      "Pribylinská",
      "Priečna",
      "Priekopy",
      "Priemyselná",
      "Priemyselná",
      "Prievozská",
      "Prievozská",
      "Prievozská",
      "Príkopova",
      "Primaciálne námestie",
      "Prístav",
      "Prístavná",
      "Prokofievova",
      "Prokopa Veľkého",
      "Prokopova",
      "Prúdová",
      "Prvosienková",
      "Púpavová",
      "Pustá",
      "Puškinova",
      "Račianska",
      "Račianska",
      "Račianske mýto",
      "Radarová",
      "Rádiová",
      "Radlinského",
      "Radničná",
      "Radničné námestie",
      "Radvanská",
      "Rajská",
      "Raketová",
      "Rákosová",
      "Rastislavova",
      "Rázusovo nábrežie",
      "Repná",
      "Rešetkova",
      "Revolučná",
      "Révová",
      "Revúcka",
      "Rezedová",
      "Riazanská",
      "Riazanská",
      "Ribayová",
      "Riečna",
      "Rigeleho",
      "Rízlingová",
      "Riznerova",
      "Robotnícka",
      "Romanova",
      "Röntgenova",
      "Rosná",
      "Rovná",
      "Rovniankova",
      "Rovníková",
      "Rozmarínová",
      "Rožňavská",
      "Rožňavská",
      "Rožňavská",
      "Rubinsteinova",
      "Rudnayovo námestie",
      "Rumančeková",
      "Rusovská cesta",
      "Ružičková",
      "Ružinovská",
      "Ružinovská",
      "Ružinovská",
      "Ružomberská",
      "Ružová dolina",
      "Ružová dolina",
      "Rybárska brána",
      "Rybné námestie",
      "Rýdziková",
      "Sabinovská",
      "Sabinovská",
      "Sad Janka Kráľa",
      "Sadová",
      "Sartorisova",
      "Sasinkova",
      "Seberíniho",
      "Sečovská",
      "Sedlárska",
      "Sedmokrásková",
      "Segnerova",
      "Sekulská",
      "Semianova",
      "Senická",
      "Senná",
      "Schillerova",
      "Schody pri starej vo",
      "Sibírska",
      "Sienkiewiczova",
      "Silvánska",
      "Sinokvetná",
      "Skalická cesta",
      "Skalná",
      "Sklenárova",
      "Sklenárska",
      "Sládkovičova",
      "Sladová",
      "Slávičie údolie",
      "Slavín",
      "Slepá",
      "Sliačska",
      "Sliezska",
      "Slivková",
      "Slnečná",
      "Slovanská",
      "Slovinská",
      "Slovnaftská",
      "Slowackého",
      "Smetanova",
      "Smikova",
      "Smolenická",
      "Smolnícka",
      "Smrečianska",
      "Soferove schody",
      "Socháňova",
      "Sokolská",
      "Solivarská",
      "Sološnická",
      "Somolického",
      "Somolického",
      "Sosnová",
      "Spišská",
      "Spojná",
      "Spoločenská",
      "Sputniková",
      "Sreznevského",
      "Srnčia",
      "Stachanovská",
      "Stálicová",
      "Staničná",
      "Stará Černicová",
      "Stará Ivánska cesta",
      "Stará Prievozská",
      "Stará Vajnorská",
      "Stará vinárska",
      "Staré Grunty",
      "Staré ihrisko",
      "Staré záhrady",
      "Starhradská",
      "Starohájska",
      "Staromestská",
      "Staroturský chodník",
      "Staviteľská",
      "Stodolova",
      "Stoklasová",
      "Strakova",
      "Strážnická",
      "Strážny dom",
      "Strečnianska",
      "Stredná",
      "Strelecká",
      "Strmá cesta",
      "Strojnícka",
      "Stropkovská",
      "Struková",
      "Studená",
      "Stuhová",
      "Súbežná",
      "Súhvezdná",
      "Suché mýto",
      "Suchohradská",
      "Súkennícka",
      "Súľovská",
      "Sumbalova",
      "Súmračná",
      "Súťažná",
      "Svätého Vincenta",
      "Svätoplukova",
      "Svätoplukova",
      "Svätovojtešská",
      "Svetlá",
      "Svíbová",
      "Svidnícka",
      "Svoradova",
      "Svrčia",
      "Syslia",
      "Šafárikovo námestie",
      "Šafárikovo námestie",
      "Šafránová",
      "Šagátova",
      "Šalviová",
      "Šancová",
      "Šancová",
      "Šancová",
      "Šancová",
      "Šándorova",
      "Šarišská",
      "Šášovská",
      "Šaštínska",
      "Ševčenkova",
      "Šintavská",
      "Šípková",
      "Škarniclova",
      "Školská",
      "Škovránčia",
      "Škultétyho",
      "Šoltésovej",
      "Špieszova",
      "Špitálska",
      "Športová",
      "Šrobárovo námestie",
      "Šťastná",
      "Štedrá",
      "Štefánikova",
      "Štefánikova",
      "Štefánikova",
      "Štefanovičova",
      "Štefunkova",
      "Štetinova",
      "Štiavnická",
      "Štúrova",
      "Štyndlova",
      "Šulekova",
      "Šulekova",
      "Šulekova",
      "Šumavská",
      "Šuňavcova",
      "Šustekova",
      "Švabinského",
      "Tabaková",
      "Tablicova",
      "Táborská",
      "Tajovského",
      "Tallerova",
      "Tehelná",
      "Technická",
      "Tekovská",
      "Telocvičná",
      "Tematínska",
      "Teplická",
      "Terchovská",
      "Teslova",
      "Tetmayerova",
      "Thurzova",
      "Tichá",
      "Tilgnerova",
      "Timravina",
      "Tobrucká",
      "Tokajícka",
      "Tolstého",
      "Tománkova",
      "Tomášikova",
      "Tomášikova",
      "Tomášikova",
      "Tomášikova",
      "Tomášikova",
      "Topoľčianska",
      "Topoľová",
      "Továrenská",
      "Trebišovská",
      "Trebišovská",
      "Trebišovská",
      "Trenčianska",
      "Treskoňova",
      "Trnavská cesta",
      "Trnavská cesta",
      "Trnavská cesta",
      "Trnavská cesta",
      "Trnavská cesta",
      "Trnavské mýto",
      "Tŕňová",
      "Trojdomy",
      "Tučkova",
      "Tupolevova",
      "Turbínova",
      "Turčianska",
      "Turnianska",
      "Tvarožkova",
      "Tylova",
      "Tyršovo nábrežie",
      "Údernícka",
      "Údolná",
      "Uhorková",
      "Ukrajinská",
      "Ulica 29. augusta",
      "Ulica 29. augusta",
      "Ulica 29. augusta",
      "Ulica 29. augusta",
      "Ulica Imricha Karvaš",
      "Ulica Jozefa Krónera",
      "Ulica Viktora Tegelh",
      "Úprkova",
      "Úradnícka",
      "Uránová",
      "Urbánkova",
      "Ursínyho",
      "Uršulínska",
      "Úzka",
      "V záhradách",
      "Vajanského nábrežie",
      "Vajnorská",
      "Vajnorská",
      "Vajnorská",
      "Vajnorská",
      "Vajnorská",
      "Vajnorská",
      "Vajnorská",
      "Vajnorská",
      "Vajnorská",
      "Valašská",
      "Valchárska",
      "Vansovej",
      "Vápenná",
      "Varínska",
      "Varšavská",
      "Varšavská",
      "Vavilovova",
      "Vavrínova",
      "Vazovova",
      "Včelárska",
      "Velehradská",
      "Veltlínska",
      "Ventúrska",
      "Veterná",
      "Veternicová",
      "Vetvová",
      "Viedenská cesta",
      "Viedenská cesta",
      "Vietnamská",
      "Vígľašská",
      "Vihorlatská",
      "Viktorínova",
      "Vilová",
      "Vincenta Hložníka",
      "Vínna",
      "Vlastenecké námestie",
      "Vlčkova",
      "Vlčkova",
      "Vlčkova",
      "Vodný vrch",
      "Votrubova",
      "Vrábeľská",
      "Vrakunská cesta",
      "Vranovská",
      "Vretenová",
      "Vrchná",
      "Vrútocká",
      "Vyhliadka",
      "Vyhnianska cesta",
      "Vysoká",
      "Vyšehradská",
      "Vyšná",
      "Wattova",
      "Wilsonova",
      "Wolkrova",
      "Za Kasárňou",
      "Za sokolovňou",
      "Za Stanicou",
      "Za tehelňou",
      "Záborského",
      "Zadunajská cesta",
      "Záhorácka",
      "Záhradnícka",
      "Záhradnícka",
      "Záhradnícka",
      "Záhradnícka",
      "Záhrebská",
      "Záhrebská",
      "Zálužická",
      "Zámocká",
      "Zámocké schody",
      "Zámočnícka",
      "Západná",
      "Západný rad",
      "Záporožská",
      "Zátišie",
      "Závodníkova",
      "Zelená",
      "Zelinárska",
      "Zimná",
      "Zlaté piesky",
      "Zlaté schody",
      "Znievska",
      "Zohorská",
      "Zochova",
      "Zrinského",
      "Zvolenská",
      "Žabí majer",
      "Žabotova",
      "Žehrianska",
      "Železná",
      "Železničiarska",
      "Žellova",
      "Žiarska",
      "Židovská",
      "Žilinská",
      "Žilinská",
      "Živnostenská",
      "Žižkova",
      "Župné námestie"
    ],
    "street_name": [
      "#{street}"
    ],
    "street_address": [
      "#{street_name} #{building_number}"
    ],
    "default_country": [
      "Slovensko"
    ]
  },
  "company": {
    "suffix": [
      "s.r.o.",
      "a.s.",
      "v.o.s."
    ],
    "adjective": [
      "Adaptive",
      "Advanced",
      "Ameliorated",
      "Assimilated",
      "Automated",
      "Balanced",
      "Business-focused",
      "Centralized",
      "Cloned",
      "Compatible",
      "Configurable",
      "Cross-group",
      "Cross-platform",
      "Customer-focused",
      "Customizable",
      "Decentralized",
      "De-engineered",
      "Devolved",
      "Digitized",
      "Distributed",
      "Diverse",
      "Down-sized",
      "Enhanced",
      "Enterprise-wide",
      "Ergonomic",
      "Exclusive",
      "Expanded",
      "Extended",
      "Face to face",
      "Focused",
      "Front-line",
      "Fully-configurable",
      "Function-based",
      "Fundamental",
      "Future-proofed",
      "Grass-roots",
      "Horizontal",
      "Implemented",
      "Innovative",
      "Integrated",
      "Intuitive",
      "Inverse",
      "Managed",
      "Mandatory",
      "Monitored",
      "Multi-channelled",
      "Multi-lateral",
      "Multi-layered",
      "Multi-tiered",
      "Networked",
      "Object-based",
      "Open-architected",
      "Open-source",
      "Operative",
      "Optimized",
      "Optional",
      "Organic",
      "Organized",
      "Persevering",
      "Persistent",
      "Phased",
      "Polarised",
      "Pre-emptive",
      "Proactive",
      "Profit-focused",
      "Profound",
      "Programmable",
      "Progressive",
      "Public-key",
      "Quality-focused",
      "Reactive",
      "Realigned",
      "Re-contextualized",
      "Re-engineered",
      "Reduced",
      "Reverse-engineered",
      "Right-sized",
      "Robust",
      "Seamless",
      "Secured",
      "Self-enabling",
      "Sharable",
      "Stand-alone",
      "Streamlined",
      "Switchable",
      "Synchronised",
      "Synergistic",
      "Synergized",
      "Team-oriented",
      "Total",
      "Triple-buffered",
      "Universal",
      "Up-sized",
      "Upgradable",
      "User-centric",
      "User-friendly",
      "Versatile",
      "Virtual",
      "Visionary",
      "Vision-oriented"
    ],
    "descriptor": [
      "24 hour",
      "24/7",
      "3rd generation",
      "4th generation",
      "5th generation",
      "6th generation",
      "actuating",
      "analyzing",
      "asymmetric",
      "asynchronous",
      "attitude-oriented",
      "background",
      "bandwidth-monitored",
      "bi-directional",
      "bifurcated",
      "bottom-line",
      "clear-thinking",
      "client-driven",
      "client-server",
      "coherent",
      "cohesive",
      "composite",
      "context-sensitive",
      "contextually-based",
      "content-based",
      "dedicated",
      "demand-driven",
      "didactic",
      "directional",
      "discrete",
      "disintermediate",
      "dynamic",
      "eco-centric",
      "empowering",
      "encompassing",
      "even-keeled",
      "executive",
      "explicit",
      "exuding",
      "fault-tolerant",
      "foreground",
      "fresh-thinking",
      "full-range",
      "global",
      "grid-enabled",
      "heuristic",
      "high-level",
      "holistic",
      "homogeneous",
      "human-resource",
      "hybrid",
      "impactful",
      "incremental",
      "intangible",
      "interactive",
      "intermediate",
      "leading edge",
      "local",
      "logistical",
      "maximized",
      "methodical",
      "mission-critical",
      "mobile",
      "modular",
      "motivating",
      "multimedia",
      "multi-state",
      "multi-tasking",
      "national",
      "needs-based",
      "neutral",
      "next generation",
      "non-volatile",
      "object-oriented",
      "optimal",
      "optimizing",
      "radical",
      "real-time",
      "reciprocal",
      "regional",
      "responsive",
      "scalable",
      "secondary",
      "solution-oriented",
      "stable",
      "static",
      "systematic",
      "systemic",
      "system-worthy",
      "tangible",
      "tertiary",
      "transitional",
      "uniform",
      "upward-trending",
      "user-facing",
      "value-added",
      "web-enabled",
      "well-modulated",
      "zero administration",
      "zero defect",
      "zero tolerance"
    ],
    "noun": [
      "ability",
      "access",
      "adapter",
      "algorithm",
      "alliance",
      "analyzer",
      "application",
      "approach",
      "architecture",
      "archive",
      "artificial intelligence",
      "array",
      "attitude",
      "benchmark",
      "budgetary management",
      "capability",
      "capacity",
      "challenge",
      "circuit",
      "collaboration",
      "complexity",
      "concept",
      "conglomeration",
      "contingency",
      "core",
      "customer loyalty",
      "database",
      "data-warehouse",
      "definition",
      "emulation",
      "encoding",
      "encryption",
      "extranet",
      "firmware",
      "flexibility",
      "focus group",
      "forecast",
      "frame",
      "framework",
      "function",
      "functionalities",
      "Graphic Interface",
      "groupware",
      "Graphical User Interface",
      "hardware",
      "help-desk",
      "hierarchy",
      "hub",
      "implementation",
      "info-mediaries",
      "infrastructure",
      "initiative",
      "installation",
      "instruction set",
      "interface",
      "internet solution",
      "intranet",
      "knowledge user",
      "knowledge base",
      "local area network",
      "leverage",
      "matrices",
      "matrix",
      "methodology",
      "middleware",
      "migration",
      "model",
      "moderator",
      "monitoring",
      "moratorium",
      "neural-net",
      "open architecture",
      "open system",
      "orchestration",
      "paradigm",
      "parallelism",
      "policy",
      "portal",
      "pricing structure",
      "process improvement",
      "product",
      "productivity",
      "project",
      "projection",
      "protocol",
      "secured line",
      "service-desk",
      "software",
      "solution",
      "standardization",
      "strategy",
      "structure",
      "success",
      "superstructure",
      "support",
      "synergy",
      "system engine",
      "task-force",
      "throughput",
      "time-frame",
      "toolset",
      "utilisation",
      "website",
      "workforce"
    ],
    "bs_verb": [
      "implement",
      "utilize",
      "integrate",
      "streamline",
      "optimize",
      "evolve",
      "transform",
      "embrace",
      "enable",
      "orchestrate",
      "leverage",
      "reinvent",
      "aggregate",
      "architect",
      "enhance",
      "incentivize",
      "morph",
      "empower",
      "envisioneer",
      "monetize",
      "harness",
      "facilitate",
      "seize",
      "disintermediate",
      "synergize",
      "strategize",
      "deploy",
      "brand",
      "grow",
      "target",
      "syndicate",
      "synthesize",
      "deliver",
      "mesh",
      "incubate",
      "engage",
      "maximize",
      "benchmark",
      "expedite",
      "reintermediate",
      "whiteboard",
      "visualize",
      "repurpose",
      "innovate",
      "scale",
      "unleash",
      "drive",
      "extend",
      "engineer",
      "revolutionize",
      "generate",
      "exploit",
      "transition",
      "e-enable",
      "iterate",
      "cultivate",
      "matrix",
      "productize",
      "redefine",
      "recontextualize"
    ],
    "bs_noun": [
      "clicks-and-mortar",
      "value-added",
      "vertical",
      "proactive",
      "robust",
      "revolutionary",
      "scalable",
      "leading-edge",
      "innovative",
      "intuitive",
      "strategic",
      "e-business",
      "mission-critical",
      "sticky",
      "one-to-one",
      "24/7",
      "end-to-end",
      "global",
      "B2B",
      "B2C",
      "granular",
      "frictionless",
      "virtual",
      "viral",
      "dynamic",
      "24/365",
      "best-of-breed",
      "killer",
      "magnetic",
      "bleeding-edge",
      "web-enabled",
      "interactive",
      "dot-com",
      "sexy",
      "back-end",
      "real-time",
      "efficient",
      "front-end",
      "distributed",
      "seamless",
      "extensible",
      "turn-key",
      "world-class",
      "open-source",
      "cross-platform",
      "cross-media",
      "synergistic",
      "bricks-and-clicks",
      "out-of-the-box",
      "enterprise",
      "integrated",
      "impactful",
      "wireless",
      "transparent",
      "next-generation",
      "cutting-edge",
      "user-centric",
      "visionary",
      "customized",
      "ubiquitous",
      "plug-and-play",
      "collaborative",
      "compelling",
      "holistic",
      "rich",
      "synergies",
      "web-readiness",
      "paradigms",
      "markets",
      "partnerships",
      "infrastructures",
      "platforms",
      "initiatives",
      "channels",
      "eyeballs",
      "communities",
      "ROI",
      "solutions",
      "e-tailers",
      "e-services",
      "action-items",
      "portals",
      "niches",
      "technologies",
      "content",
      "vortals",
      "supply-chains",
      "convergence",
      "relationships",
      "architectures",
      "interfaces",
      "e-markets",
      "e-commerce",
      "systems",
      "bandwidth",
      "infomediaries",
      "models",
      "mindshare",
      "deliverables",
      "users",
      "schemas",
      "networks",
      "applications",
      "metrics",
      "e-business",
      "functionalities",
      "experiences",
      "web services",
      "methodologies"
    ],
    "name": [
      "#{Name.last_name} #{suffix}",
      "#{Name.last_name} #{suffix}",
      "#{Name.man_last_name} a #{Name.man_last_name} #{suffix}"
    ]
  },
  "internet": {
    "free_email": [
      "gmail.com",
      "zoznam.sk",
      "azet.sk"
    ],
    "domain_suffix": [
      "sk",
      "com",
      "net",
      "eu",
      "org"
    ]
  },
  "lorem": {
    "words": [
      "alias",
      "consequatur",
      "aut",
      "perferendis",
      "sit",
      "voluptatem",
      "accusantium",
      "doloremque",
      "aperiam",
      "eaque",
      "ipsa",
      "quae",
      "ab",
      "illo",
      "inventore",
      "veritatis",
      "et",
      "quasi",
      "architecto",
      "beatae",
      "vitae",
      "dicta",
      "sunt",
      "explicabo",
      "aspernatur",
      "aut",
      "odit",
      "aut",
      "fugit",
      "sed",
      "quia",
      "consequuntur",
      "magni",
      "dolores",
      "eos",
      "qui",
      "ratione",
      "voluptatem",
      "sequi",
      "nesciunt",
      "neque",
      "dolorem",
      "ipsum",
      "quia",
      "dolor",
      "sit",
      "amet",
      "consectetur",
      "adipisci",
      "velit",
      "sed",
      "quia",
      "non",
      "numquam",
      "eius",
      "modi",
      "tempora",
      "incidunt",
      "ut",
      "labore",
      "et",
      "dolore",
      "magnam",
      "aliquam",
      "quaerat",
      "voluptatem",
      "ut",
      "enim",
      "ad",
      "minima",
      "veniam",
      "quis",
      "nostrum",
      "exercitationem",
      "ullam",
      "corporis",
      "nemo",
      "enim",
      "ipsam",
      "voluptatem",
      "quia",
      "voluptas",
      "sit",
      "suscipit",
      "laboriosam",
      "nisi",
      "ut",
      "aliquid",
      "ex",
      "ea",
      "commodi",
      "consequatur",
      "quis",
      "autem",
      "vel",
      "eum",
      "iure",
      "reprehenderit",
      "qui",
      "in",
      "ea",
      "voluptate",
      "velit",
      "esse",
      "quam",
      "nihil",
      "molestiae",
      "et",
      "iusto",
      "odio",
      "dignissimos",
      "ducimus",
      "qui",
      "blanditiis",
      "praesentium",
      "laudantium",
      "totam",
      "rem",
      "voluptatum",
      "deleniti",
      "atque",
      "corrupti",
      "quos",
      "dolores",
      "et",
      "quas",
      "molestias",
      "excepturi",
      "sint",
      "occaecati",
      "cupiditate",
      "non",
      "provident",
      "sed",
      "ut",
      "perspiciatis",
      "unde",
      "omnis",
      "iste",
      "natus",
      "error",
      "similique",
      "sunt",
      "in",
      "culpa",
      "qui",
      "officia",
      "deserunt",
      "mollitia",
      "animi",
      "id",
      "est",
      "laborum",
      "et",
      "dolorum",
      "fuga",
      "et",
      "harum",
      "quidem",
      "rerum",
      "facilis",
      "est",
      "et",
      "expedita",
      "distinctio",
      "nam",
      "libero",
      "tempore",
      "cum",
      "soluta",
      "nobis",
      "est",
      "eligendi",
      "optio",
      "cumque",
      "nihil",
      "impedit",
      "quo",
      "porro",
      "quisquam",
      "est",
      "qui",
      "minus",
      "id",
      "quod",
      "maxime",
      "placeat",
      "facere",
      "possimus",
      "omnis",
      "voluptas",
      "assumenda",
      "est",
      "omnis",
      "dolor",
      "repellendus",
      "temporibus",
      "autem",
      "quibusdam",
      "et",
      "aut",
      "consequatur",
      "vel",
      "illum",
      "qui",
      "dolorem",
      "eum",
      "fugiat",
      "quo",
      "voluptas",
      "nulla",
      "pariatur",
      "at",
      "vero",
      "eos",
      "et",
      "accusamus",
      "officiis",
      "debitis",
      "aut",
      "rerum",
      "necessitatibus",
      "saepe",
      "eveniet",
      "ut",
      "et",
      "voluptates",
      "repudiandae",
      "sint",
      "et",
      "molestiae",
      "non",
      "recusandae",
      "itaque",
      "earum",
      "rerum",
      "hic",
      "tenetur",
      "a",
      "sapiente",
      "delectus",
      "ut",
      "aut",
      "reiciendis",
      "voluptatibus",
      "maiores",
      "doloribus",
      "asperiores",
      "repellat"
    ]
  },
  "name": {
    "male_first_name": [
      "Drahoslav",
      "Severín",
      "Alexej",
      "Ernest",
      "Rastislav",
      "Radovan",
      "Dobroslav",
      "Dalibor",
      "Vincent",
      "Miloš",
      "Timotej",
      "Gejza",
      "Bohuš",
      "Alfonz",
      "Gašpar",
      "Emil",
      "Erik",
      "Blažej",
      "Zdenko",
      "Dezider",
      "Arpád",
      "Valentín",
      "Pravoslav",
      "Jaromír",
      "Roman",
      "Matej",
      "Frederik",
      "Viktor",
      "Alexander",
      "Radomír",
      "Albín",
      "Bohumil",
      "Kazimír",
      "Fridrich",
      "Radoslav",
      "Tomáš",
      "Alan",
      "Branislav",
      "Bruno",
      "Gregor",
      "Vlastimil",
      "Boleslav",
      "Eduard",
      "Jozef",
      "Víťazoslav",
      "Blahoslav",
      "Beňadik",
      "Adrián",
      "Gabriel",
      "Marián",
      "Emanuel",
      "Miroslav",
      "Benjamín",
      "Hugo",
      "Richard",
      "Izidor",
      "Zoltán",
      "Albert",
      "Igor",
      "Július",
      "Aleš",
      "Fedor",
      "Rudolf",
      "Valér",
      "Marcel",
      "Ervín",
      "Slavomír",
      "Vojtech",
      "Juraj",
      "Marek",
      "Jaroslav",
      "Žigmund",
      "Florián",
      "Roland",
      "Pankrác",
      "Servác",
      "Bonifác",
      "Svetozár",
      "Bernard",
      "Júlia",
      "Urban",
      "Dušan",
      "Viliam",
      "Ferdinand",
      "Norbert",
      "Róbert",
      "Medard",
      "Zlatko",
      "Anton",
      "Vasil",
      "Vít",
      "Adolf",
      "Vratislav",
      "Alfréd",
      "Alojz",
      "Ján",
      "Tadeáš",
      "Ladislav",
      "Peter",
      "Pavol",
      "Miloslav",
      "Prokop",
      "Cyril",
      "Metod",
      "Patrik",
      "Oliver",
      "Ivan",
      "Kamil",
      "Henrich",
      "Drahomír",
      "Bohuslav",
      "Iľja",
      "Daniel",
      "Vladimír",
      "Jakub",
      "Krištof",
      "Ignác",
      "Gustáv",
      "Jerguš",
      "Dominik",
      "Oskar",
      "Vavrinec",
      "Ľubomír",
      "Mojmír",
      "Leonard",
      "Tichomír",
      "Filip",
      "Bartolomej",
      "Ľudovít",
      "Samuel",
      "Augustín",
      "Belo",
      "Oleg",
      "Bystrík",
      "Ctibor",
      "Ľudomil",
      "Konštantín",
      "Ľuboslav",
      "Matúš",
      "Móric",
      "Ľuboš",
      "Ľubor",
      "Vladislav",
      "Cyprián",
      "Václav",
      "Michal",
      "Jarolím",
      "Arnold",
      "Levoslav",
      "František",
      "Dionýz",
      "Maximilián",
      "Koloman",
      "Boris",
      "Lukáš",
      "Kristián",
      "Vendelín",
      "Sergej",
      "Aurel",
      "Demeter",
      "Denis",
      "Hubert",
      "Karol",
      "Imrich",
      "René",
      "Bohumír",
      "Teodor",
      "Tibor",
      "Maroš",
      "Martin",
      "Svätopluk",
      "Stanislav",
      "Leopold",
      "Eugen",
      "Félix",
      "Klement",
      "Kornel",
      "Milan",
      "Vratko",
      "Ondrej",
      "Andrej",
      "Edmund",
      "Oldrich",
      "Oto",
      "Mikuláš",
      "Ambróz",
      "Radúz",
      "Bohdan",
      "Adam",
      "Štefan",
      "Dávid",
      "Silvester"
    ],
    "female_first_name": [
      "Alexandra",
      "Karina",
      "Daniela",
      "Andrea",
      "Antónia",
      "Bohuslava",
      "Dáša",
      "Malvína",
      "Kristína",
      "Nataša",
      "Bohdana",
      "Drahomíra",
      "Sára",
      "Zora",
      "Tamara",
      "Ema",
      "Tatiana",
      "Erika",
      "Veronika",
      "Agáta",
      "Dorota",
      "Vanda",
      "Zoja",
      "Gabriela",
      "Perla",
      "Ida",
      "Liana",
      "Miloslava",
      "Vlasta",
      "Lívia",
      "Eleonóra",
      "Etela",
      "Romana",
      "Zlatica",
      "Anežka",
      "Bohumila",
      "Františka",
      "Angela",
      "Matilda",
      "Svetlana",
      "Ľubica",
      "Alena",
      "Soňa",
      "Vieroslava",
      "Zita",
      "Miroslava",
      "Irena",
      "Milena",
      "Estera",
      "Justína",
      "Dana",
      "Danica",
      "Jela",
      "Jaroslava",
      "Jarmila",
      "Lea",
      "Anastázia",
      "Galina",
      "Lesana",
      "Hermína",
      "Monika",
      "Ingrida",
      "Viktória",
      "Blažena",
      "Žofia",
      "Sofia",
      "Gizela",
      "Viola",
      "Gertrúda",
      "Zina",
      "Júlia",
      "Juliana",
      "Želmíra",
      "Ela",
      "Vanesa",
      "Iveta",
      "Vilma",
      "Petronela",
      "Žaneta",
      "Xénia",
      "Karolína",
      "Lenka",
      "Laura",
      "Stanislava",
      "Margaréta",
      "Dobroslava",
      "Blanka",
      "Valéria",
      "Paulína",
      "Sidónia",
      "Adriána",
      "Beáta",
      "Petra",
      "Melánia",
      "Diana",
      "Berta",
      "Patrícia",
      "Lujza",
      "Amália",
      "Milota",
      "Nina",
      "Margita",
      "Kamila",
      "Dušana",
      "Magdaléna",
      "Oľga",
      "Anna",
      "Hana",
      "Božena",
      "Marta",
      "Libuša",
      "Božidara",
      "Dominika",
      "Hortenzia",
      "Jozefína",
      "Štefánia",
      "Ľubomíra",
      "Zuzana",
      "Darina",
      "Marcela",
      "Milica",
      "Elena",
      "Helena",
      "Lýdia",
      "Anabela",
      "Jana",
      "Silvia",
      "Nikola",
      "Ružena",
      "Nora",
      "Drahoslava",
      "Linda",
      "Melinda",
      "Rebeka",
      "Rozália",
      "Regína",
      "Alica",
      "Marianna",
      "Miriama",
      "Martina",
      "Mária",
      "Jolana",
      "Ľudomila",
      "Ľudmila",
      "Olympia",
      "Eugénia",
      "Ľuboslava",
      "Zdenka",
      "Edita",
      "Michaela",
      "Stela",
      "Viera",
      "Natália",
      "Eliška",
      "Brigita",
      "Valentína",
      "Terézia",
      "Vladimíra",
      "Hedviga",
      "Uršuľa",
      "Alojza",
      "Kvetoslava",
      "Sabína",
      "Dobromila",
      "Klára",
      "Simona",
      "Aurélia",
      "Denisa",
      "Renáta",
      "Irma",
      "Agnesa",
      "Klaudia",
      "Alžbeta",
      "Elvíra",
      "Cecília",
      "Emília",
      "Katarína",
      "Henrieta",
      "Bibiána",
      "Barbora",
      "Marína",
      "Izabela",
      "Hilda",
      "Otília",
      "Lucia",
      "Branislava",
      "Bronislava",
      "Ivica",
      "Albína",
      "Kornélia",
      "Sláva",
      "Slávka",
      "Judita",
      "Dagmara",
      "Adela",
      "Nadežda",
      "Eva",
      "Filoména",
      "Ivana",
      "Milada"
    ],
    "male_last_name": [
      "Antal",
      "Babka",
      "Bahna",
      "Bahno",
      "Baláž",
      "Baran",
      "Baranka",
      "Bartovič",
      "Bartoš",
      "Bača",
      "Bernolák",
      "Beňo",
      "Bicek",
      "Bielik",
      "Blaho",
      "Bondra",
      "Bosák",
      "Boška",
      "Brezina",
      "Bukovský",
      "Chalupka",
      "Chudík",
      "Cibula",
      "Cibulka",
      "Cibuľa",
      "Cyprich",
      "Cíger",
      "Danko",
      "Daňko",
      "Daňo",
      "Debnár",
      "Dej",
      "Dekýš",
      "Doležal",
      "Dočolomanský",
      "Droppa",
      "Dubovský",
      "Dudek",
      "Dula",
      "Dulla",
      "Dusík",
      "Dvonč",
      "Dzurjanin",
      "Dávid",
      "Fabian",
      "Fabián",
      "Fajnor",
      "Farkašovský",
      "Fico",
      "Filc",
      "Filip",
      "Finka",
      "Ftorek",
      "Gašpar",
      "Gašparovič",
      "Gocník",
      "Gregor",
      "Greguš",
      "Grznár",
      "Hablák",
      "Habšuda",
      "Halda",
      "Haluška",
      "Halák",
      "Hanko",
      "Hanzal",
      "Haščák",
      "Heretik",
      "Hečko",
      "Hlaváček",
      "Hlinka",
      "Holub",
      "Holuby",
      "Hossa",
      "Hoza",
      "Hraško",
      "Hric",
      "Hrmo",
      "Hrušovský",
      "Huba",
      "Ihnačák",
      "Janeček",
      "Janoška",
      "Jantošovič",
      "Janík",
      "Janček",
      "Jedľovský",
      "Jendek",
      "Jonata",
      "Jurina",
      "Jurkovič",
      "Jurík",
      "Jánošík",
      "Kafenda",
      "Kaliský",
      "Karul",
      "Keníž",
      "Klapka",
      "Kmeť",
      "Kolesár",
      "Kollár",
      "Kolnik",
      "Kolník",
      "Kolár",
      "Korec",
      "Kostka",
      "Kostrec",
      "Kováč",
      "Kováčik",
      "Koza",
      "Kočiš",
      "Krajíček",
      "Krajči",
      "Krajčo",
      "Krajčovič",
      "Krajčír",
      "Králik",
      "Krúpa",
      "Kubík",
      "Kyseľ",
      "Kállay",
      "Labuda",
      "Lepšík",
      "Lipták",
      "Lisický",
      "Lubina",
      "Lukáč",
      "Lupták",
      "Líška",
      "Madej",
      "Majeský",
      "Malachovský",
      "Malíšek",
      "Mamojka",
      "Marcinko",
      "Marián",
      "Masaryk",
      "Maslo",
      "Matiaško",
      "Medveď",
      "Melcer",
      "Mečiar",
      "Michalík",
      "Mihalik",
      "Mihál",
      "Mihálik",
      "Mikloško",
      "Mikulík",
      "Mikuš",
      "Mikúš",
      "Milota",
      "Mináč",
      "Mišík",
      "Mojžiš",
      "Mokroš",
      "Mora",
      "Moravčík",
      "Mydlo",
      "Nemec",
      "Nitra",
      "Novák",
      "Obšut",
      "Ondruš",
      "Otčenáš",
      "Pauko",
      "Pavlikovský",
      "Pavúk",
      "Pašek",
      "Paška",
      "Paško",
      "Pelikán",
      "Petrovický",
      "Petruška",
      "Peško",
      "Plch",
      "Plekanec",
      "Podhradský",
      "Podkonický",
      "Poliak",
      "Pupák",
      "Rak",
      "Repiský",
      "Romančík",
      "Rus",
      "Ružička",
      "Rybníček",
      "Rybár",
      "Rybárik",
      "Samson",
      "Sedliak",
      "Senko",
      "Sklenka",
      "Skokan",
      "Skutecký",
      "Slašťan",
      "Sloboda",
      "Slobodník",
      "Slota",
      "Slovák",
      "Smrek",
      "Stodola",
      "Straka",
      "Strnisko",
      "Svrbík",
      "Sámel",
      "Sýkora",
      "Tatar",
      "Tatarka",
      "Tatár",
      "Tatárka",
      "Thomka",
      "Tomeček",
      "Tomka",
      "Tomko",
      "Truben",
      "Turčok",
      "Uram",
      "Urblík",
      "Vajcík",
      "Vajda",
      "Valach",
      "Valachovič",
      "Valent",
      "Valuška",
      "Vanek",
      "Vesel",
      "Vicen",
      "Višňovský",
      "Vlach",
      "Vojtek",
      "Vydarený",
      "Zajac",
      "Zima",
      "Zimka",
      "Záborský",
      "Zúbrik",
      "Čapkovič",
      "Čaplovič",
      "Čarnogurský",
      "Čierny",
      "Čobrda",
      "Ďaďo",
      "Ďurica",
      "Ďuriš",
      "Šidlo",
      "Šimonovič",
      "Škriniar",
      "Škultéty",
      "Šmajda",
      "Šoltés",
      "Šoltýs",
      "Štefan",
      "Štefanka",
      "Šulc",
      "Šurka",
      "Švehla",
      "Šťastný"
    ],
    "female_last_name": [
      "Antalová",
      "Babková",
      "Bahnová",
      "Balážová",
      "Baranová",
      "Baranková",
      "Bartovičová",
      "Bartošová",
      "Bačová",
      "Bernoláková",
      "Beňová",
      "Biceková",
      "Bieliková",
      "Blahová",
      "Bondrová",
      "Bosáková",
      "Bošková",
      "Brezinová",
      "Bukovská",
      "Chalupková",
      "Chudíková",
      "Cibulová",
      "Cibulková",
      "Cyprichová",
      "Cígerová",
      "Danková",
      "Daňková",
      "Daňová",
      "Debnárová",
      "Dejová",
      "Dekýšová",
      "Doležalová",
      "Dočolomanská",
      "Droppová",
      "Dubovská",
      "Dudeková",
      "Dulová",
      "Dullová",
      "Dusíková",
      "Dvončová",
      "Dzurjaninová",
      "Dávidová",
      "Fabianová",
      "Fabiánová",
      "Fajnorová",
      "Farkašovská",
      "Ficová",
      "Filcová",
      "Filipová",
      "Finková",
      "Ftoreková",
      "Gašparová",
      "Gašparovičová",
      "Gocníková",
      "Gregorová",
      "Gregušová",
      "Grznárová",
      "Habláková",
      "Habšudová",
      "Haldová",
      "Halušková",
      "Haláková",
      "Hanková",
      "Hanzalová",
      "Haščáková",
      "Heretiková",
      "Hečková",
      "Hlaváčeková",
      "Hlinková",
      "Holubová",
      "Holubyová",
      "Hossová",
      "Hozová",
      "Hrašková",
      "Hricová",
      "Hrmová",
      "Hrušovská",
      "Hubová",
      "Ihnačáková",
      "Janečeková",
      "Janošková",
      "Jantošovičová",
      "Janíková",
      "Jančeková",
      "Jedľovská",
      "Jendeková",
      "Jonatová",
      "Jurinová",
      "Jurkovičová",
      "Juríková",
      "Jánošíková",
      "Kafendová",
      "Kaliská",
      "Karulová",
      "Kenížová",
      "Klapková",
      "Kmeťová",
      "Kolesárová",
      "Kollárová",
      "Kolniková",
      "Kolníková",
      "Kolárová",
      "Korecová",
      "Kostkaová",
      "Kostrecová",
      "Kováčová",
      "Kováčiková",
      "Kozová",
      "Kočišová",
      "Krajíčeková",
      "Krajčová",
      "Krajčovičová",
      "Krajčírová",
      "Králiková",
      "Krúpová",
      "Kubíková",
      "Kyseľová",
      "Kállayová",
      "Labudová",
      "Lepšíková",
      "Liptáková",
      "Lisická",
      "Lubinová",
      "Lukáčová",
      "Luptáková",
      "Líšková",
      "Madejová",
      "Majeská",
      "Malachovská",
      "Malíšeková",
      "Mamojková",
      "Marcinková",
      "Mariánová",
      "Masaryková",
      "Maslová",
      "Matiašková",
      "Medveďová",
      "Melcerová",
      "Mečiarová",
      "Michalíková",
      "Mihaliková",
      "Mihálová",
      "Miháliková",
      "Miklošková",
      "Mikulíková",
      "Mikušová",
      "Mikúšová",
      "Milotová",
      "Mináčová",
      "Mišíková",
      "Mojžišová",
      "Mokrošová",
      "Morová",
      "Moravčíková",
      "Mydlová",
      "Nemcová",
      "Nováková",
      "Obšutová",
      "Ondrušová",
      "Otčenášová",
      "Pauková",
      "Pavlikovská",
      "Pavúková",
      "Pašeková",
      "Pašková",
      "Pelikánová",
      "Petrovická",
      "Petrušková",
      "Pešková",
      "Plchová",
      "Plekanecová",
      "Podhradská",
      "Podkonická",
      "Poliaková",
      "Pupáková",
      "Raková",
      "Repiská",
      "Romančíková",
      "Rusová",
      "Ružičková",
      "Rybníčeková",
      "Rybárová",
      "Rybáriková",
      "Samsonová",
      "Sedliaková",
      "Senková",
      "Sklenková",
      "Skokanová",
      "Skutecká",
      "Slašťanová",
      "Slobodová",
      "Slobodníková",
      "Slotová",
      "Slováková",
      "Smreková",
      "Stodolová",
      "Straková",
      "Strnisková",
      "Svrbíková",
      "Sámelová",
      "Sýkorová",
      "Tatarová",
      "Tatarková",
      "Tatárová",
      "Tatárkaová",
      "Thomková",
      "Tomečeková",
      "Tomková",
      "Trubenová",
      "Turčoková",
      "Uramová",
      "Urblíková",
      "Vajcíková",
      "Vajdová",
      "Valachová",
      "Valachovičová",
      "Valentová",
      "Valušková",
      "Vaneková",
      "Veselová",
      "Vicenová",
      "Višňovská",
      "Vlachová",
      "Vojteková",
      "Vydarená",
      "Zajacová",
      "Zimová",
      "Zimková",
      "Záborská",
      "Zúbriková",
      "Čapkovičová",
      "Čaplovičová",
      "Čarnogurská",
      "Čierná",
      "Čobrdová",
      "Ďaďová",
      "Ďuricová",
      "Ďurišová",
      "Šidlová",
      "Šimonovičová",
      "Škriniarová",
      "Škultétyová",
      "Šmajdová",
      "Šoltésová",
      "Šoltýsová",
      "Štefanová",
      "Štefanková",
      "Šulcová",
      "Šurková",
      "Švehlová",
      "Šťastná"
    ],
    "prefix": [
      "Ing.",
      "Mgr.",
      "JUDr.",
      "MUDr."
    ],
    "suffix": [
      "Phd."
    ],
    "title": {
      "descriptor": [
        "Lead",
        "Senior",
        "Direct",
        "Corporate",
        "Dynamic",
        "Future",
        "Product",
        "National",
        "Regional",
        "District",
        "Central",
        "Global",
        "Customer",
        "Investor",
        "Dynamic",
        "International",
        "Legacy",
        "Forward",
        "Internal",
        "Human",
        "Chief",
        "Principal"
      ],
      "level": [
        "Solutions",
        "Program",
        "Brand",
        "Security",
        "Research",
        "Marketing",
        "Directives",
        "Implementation",
        "Integration",
        "Functionality",
        "Response",
        "Paradigm",
        "Tactics",
        "Identity",
        "Markets",
        "Group",
        "Division",
        "Applications",
        "Optimization",
        "Operations",
        "Infrastructure",
        "Intranet",
        "Communications",
        "Web",
        "Branding",
        "Quality",
        "Assurance",
        "Mobility",
        "Accounts",
        "Data",
        "Creative",
        "Configuration",
        "Accountability",
        "Interactions",
        "Factors",
        "Usability",
        "Metrics"
      ],
      "job": [
        "Supervisor",
        "Associate",
        "Executive",
        "Liaison",
        "Officer",
        "Manager",
        "Engineer",
        "Specialist",
        "Director",
        "Coordinator",
        "Administrator",
        "Architect",
        "Analyst",
        "Designer",
        "Planner",
        "Orchestrator",
        "Technician",
        "Developer",
        "Producer",
        "Consultant",
        "Assistant",
        "Facilitator",
        "Agent",
        "Representative",
        "Strategist"
      ]
    },
    "name": [
      "#{prefix} #{male_first_name} #{male_last_name}",
      "#{prefix} #{female_first_name} #{female_last_name}",
      "#{male_first_name} #{male_last_name} #{suffix}",
      "#{female_first_name} #{female_last_name} #{suffix}",
      "#{male_first_name} #{male_last_name}",
      "#{male_first_name} #{male_last_name}",
      "#{male_first_name} #{male_last_name}",
      "#{female_first_name} #{female_last_name}",
      "#{female_first_name} #{female_last_name}",
      "#{female_first_name} #{female_last_name}"
    ]
  },
  "phone_number": {
    "formats": [
      "09## ### ###",
      "0## #### ####",
      "0# #### ####",
      "+421 ### ### ###"
    ]
  }
}