{
  "title": "Turkish",
  "address": {
    "city": [
      "Adana",
      "Adıyaman",
      "Afyon",
      "Ağrı",
      "Amasya",
      "Ankara",
      "Antalya",
      "Artvin",
      "Aydın",
      "Balıkesir",
      "Bilecik",
      "Bingöl",
      "Bitlis",
      "Bolu",
      "Burdur",
      "Bursa",
      "Çanakkale",
      "Çankırı",
      "Çorum",
      "Denizli",
      "Diyarbakır",
      "Edirne",
      "Elazığ",
      "Erzincan",
      "Erzurum",
      "Eskişehir",
      "Gaziantep",
      "Giresun",
      "Gümüşhane",
      "Hakkari",
      "Hatay",
      "Isparta",
      "İçel (Mersin)",
      "İstanbul",
      "İzmir",
      "Kars",
      "Kastamonu",
      "Kayseri",
      "Kırklareli",
      "Kırşehir",
      "Kocaeli",
      "Konya",
      "Kütahya",
      "Malatya",
      "Manisa",
      "K.maraş",
      "Mardin",
      "Muğla",
      "Muş",
      "Nevşehir",
      "Niğde",
      "Ordu",
      "Rize",
      "Sakarya",
      "Samsun",
      "Siirt",
      "Sinop",
      "Sivas",
      "Tekirdağ",
      "Tokat",
      "Trabzon",
      "Tunceli",
      "Şanlıurfa",
      "Uşak",
      "Van",
      "Yozgat",
      "Zonguldak",
      "Aksaray",
      "Bayburt",
      "Karaman",
      "Kırıkkale",
      "Batman",
      "Şırnak",
      "Bartın",
      "Ardahan",
      "Iğdır",
      "Yalova",
      "Karabük",
      "Kilis",
      "Osmaniye",
      "Düzce"
    ],
    "street_root": [
      "Atatürk Bulvarı",
      "Alparslan Türkeş Bulvarı",
      "Ali Çetinkaya Caddesi",
      "Tevfik Fikret Caddesi",
      "Kocatepe Caddesi",
      "İsmet Paşa Caddesi",
      "30 Ağustos Caddesi",
      "İsmet Attila Caddesi",
      "Namık Kemal Caddesi",
      "Lütfi Karadirek Caddesi",
      "Sarıkaya Caddesi",
      "Yunus Emre Sokak",
      "Dar Sokak",
      "Fatih Sokak ",
      "Harman Yolu Sokak ",
      "Ergenekon Sokak  ",
      "Ülkü Sokak",
      "Sağlık Sokak",
      "Okul Sokak",
      "Harman Altı Sokak",
      "Kaldırım Sokak",
      "Mevlana Sokak",
      "Gül Sokak",
      "Sıran Söğüt Sokak",
      "Güven Yaka Sokak",
      "Saygılı Sokak",
      "Menekşe Sokak",
      "Dağınık Evler Sokak",
      "Sevgi Sokak",
      "Afyon Kaya Sokak",
      "Oğuzhan Sokak",
      "İbn-i Sina Sokak",
      "Okul Sokak",
      "Bahçe Sokak",
      "Köypınar Sokak",
      "Kekeçoğlu Sokak",
      "Barış Sokak",
      "Bayır Sokak",
      "Kerimoğlu Sokak",
      "Nalbant Sokak",
      "Bandak Sokak"
    ],
    "country": [
      "Afganistan",
      "Almanya",
      "Amerika Birleşik Devletleri",
      "Amerikan Samoa",
      "Andorra",
      "Angola",
      "Anguilla, İngiltere",
      "Antigua ve Barbuda",
      "Arjantin",
      "Arnavutluk",
      "Aruba, Hollanda",
      "Avustralya",
      "Avusturya",
      "Azerbaycan",
      "Bahama Adaları",
      "Bahreyn",
      "Bangladeş",
      "Barbados",
      "Belçika",
      "Belize",
      "Benin",
      "Bermuda, İngiltere",
      "Beyaz Rusya",
      "Bhutan",
      "Birleşik Arap Emirlikleri",
      "Birmanya (Myanmar)",
      "Bolivya",
      "Bosna Hersek",
      "Botswana",
      "Brezilya",
      "Brunei",
      "Bulgaristan",
      "Burkina Faso",
      "Burundi",
      "Cape Verde",
      "Cayman Adaları, İngiltere",
      "Cebelitarık, İngiltere",
      "Cezayir",
      "Christmas Adası , Avusturalya",
      "Cibuti",
      "Çad",
      "Çek Cumhuriyeti",
      "Çin",
      "Danimarka",
      "Doğu Timor",
      "Dominik Cumhuriyeti",
      "Dominika",
      "Ekvator",
      "Ekvator Ginesi",
      "El Salvador",
      "Endonezya",
      "Eritre",
      "Ermenistan",
      "Estonya",
      "Etiyopya",
      "Fas",
      "Fiji",
      "Fildişi Sahili",
      "Filipinler",
      "Filistin",
      "Finlandiya",
      "Folkland Adaları, İngiltere",
      "Fransa",
      "Fransız Guyanası",
      "Fransız Güney Eyaletleri (Kerguelen Adaları)",
      "Fransız Polinezyası",
      "Gabon",
      "Galler",
      "Gambiya",
      "Gana",
      "Gine",
      "Gine-Bissau",
      "Grenada",
      "Grönland",
      "Guadalup, Fransa",
      "Guam, Amerika",
      "Guatemala",
      "Guyana",
      "Güney Afrika",
      "Güney Georgia ve Güney Sandviç Adaları, İngiltere",
      "Güney Kıbrıs Rum Yönetimi",
      "Güney Kore",
      "Gürcistan H",
      "Haiti",
      "Hırvatistan",
      "Hindistan",
      "Hollanda",
      "Hollanda Antilleri",
      "Honduras",
      "Irak",
      "İngiltere",
      "İran",
      "İrlanda",
      "İspanya",
      "İsrail",
      "İsveç",
      "İsviçre",
      "İtalya",
      "İzlanda",
      "Jamaika",
      "Japonya",
      "Johnston Atoll, Amerika",
      "K.K.T.C.",
      "Kamboçya",
      "Kamerun",
      "Kanada",
      "Kanarya Adaları",
      "Karadağ",
      "Katar",
      "Kazakistan",
      "Kenya",
      "Kırgızistan",
      "Kiribati",
      "Kolombiya",
      "Komorlar",
      "Kongo",
      "Kongo Demokratik Cumhuriyeti",
      "Kosova",
      "Kosta Rika",
      "Kuveyt",
      "Kuzey İrlanda",
      "Kuzey Kore",
      "Kuzey Maryana Adaları",
      "Küba",
      "Laos",
      "Lesotho",
      "Letonya",
      "Liberya",
      "Libya",
      "Liechtenstein",
      "Litvanya",
      "Lübnan",
      "Lüksemburg",
      "Macaristan",
      "Madagaskar",
      "Makau (Makao)",
      "Makedonya",
      "Malavi",
      "Maldiv Adaları",
      "Malezya",
      "Mali",
      "Malta",
      "Marşal Adaları",
      "Martinik, Fransa",
      "Mauritius",
      "Mayotte, Fransa",
      "Meksika",
      "Mısır",
      "Midway Adaları, Amerika",
      "Mikronezya",
      "Moğolistan",
      "Moldavya",
      "Monako",
      "Montserrat",
      "Moritanya",
      "Mozambik",
      "Namibia",
      "Nauru",
      "Nepal",
      "Nijer",
      "Nijerya",
      "Nikaragua",
      "Niue, Yeni Zelanda",
      "Norveç",
      "Orta Afrika Cumhuriyeti",
      "Özbekistan",
      "Pakistan",
      "Palau Adaları",
      "Palmyra Atoll, Amerika",
      "Panama",
      "Papua Yeni Gine",
      "Paraguay",
      "Peru",
      "Polonya",
      "Portekiz",
      "Porto Riko, Amerika",
      "Reunion, Fransa",
      "Romanya",
      "Ruanda",
      "Rusya Federasyonu",
      "Saint Helena, İngiltere",
      "Saint Martin, Fransa",
      "Saint Pierre ve Miquelon, Fransa",
      "Samoa",
      "San Marino",
      "Santa Kitts ve Nevis",
      "Santa Lucia",
      "Santa Vincent ve Grenadinler",
      "Sao Tome ve Principe",
      "Senegal",
      "Seyşeller",
      "Sırbistan",
      "Sierra Leone",
      "Singapur",
      "Slovakya",
      "Slovenya",
      "Solomon Adaları",
      "Somali",
      "Sri Lanka",
      "Sudan",
      "Surinam",
      "Suriye",
      "Suudi Arabistan",
      "Svalbard, Norveç",
      "Svaziland",
      "Şili",
      "Tacikistan",
      "Tanzanya",
      "Tayland",
      "Tayvan",
      "Togo",
      "Tonga",
      "Trinidad ve Tobago",
      "Tunus",
      "Turks ve Caicos Adaları, İngiltere",
      "Tuvalu",
      "Türkiye",
      "Türkmenistan",
      "Uganda",
      "Ukrayna",
      "Umman",
      "Uruguay",
      "Ürdün",
      "Vallis ve Futuna, Fransa",
      "Vanuatu",
      "Venezuela",
      "Vietnam",
      "Virgin Adaları, Amerika",
      "Virgin Adaları, İngiltere",
      "Wake Adaları, Amerika",
      "Yemen",
      "Yeni Kaledonya, Fransa",
      "Yeni Zelanda",
      "Yunanistan",
      "Zambiya",
      "Zimbabve"
    ],
    "postcode": [
      "#####"
    ],
    "default_country": [
      "Türkiye"
    ],
    "building_number": [
      "###",
      "##",
      "#",
      "##a",
      "##b",
      "##c"
    ],
    "street_name": [
      "#{street_root}"
    ],
    "street_address": [
      "#{street_name} #{building_number}"
    ],
    "state": [
      "Adana",
      "Adiyaman",
      "Afyonkarahisar",
      "Agri",
      "Aksaray",
      "Amasya",
      "Ankara",
      "Antalya",
      "Ardahan",
      "Artvin",
      "Aydin",
      "Balikesir",
      "Bartin",
      "Batman",
      "Bayburt",
      "Bilecik",
      "Bingöl",
      "Bitlis",
      "Bolu",
      "Burdur",
      "Bursa",
      "Çanakkale",
      "Çankiri",
      "Çorum",
      "Denizli",
      "Diyarbakir",
      "Düzce",
      "Edirne",
      "Elazig",
      "Erzincan",
      "Erzurum",
      "Eskisehir",
      "Gaziantep",
      "Giresun",
      "Gümüshane",
      "Hakkâri",
      "Hatay",
      "Igdir",
      "Isparta",
      "Istanbul",
      "Izmir",
      "Kahramanmaras",
      "Karabük",
      "Karaman",
      "Kars",
      "Kastamonu",
      "Kayseri",
      "Kirikkale",
      "Kirklareli",
      "Kirsehir",
      "Kilis",
      "Kocaeli",
      "Konya",
      "Kütahya",
      "Malatya",
      "Manisa",
      "Mardin",
      "Mersin",
      "Mugla",
      "Mus",
      "Nevsehir",
      "Nigde",
      "Ordu",
      "Osmaniye",
      "Rize",
      "Sakarya",
      "Samsun",
      "Siirt",
      "Sinop",
      "Sivas",
      "Sanliurfa",
      "Sirnak",
      "Tekirdag",
      "Tokat",
      "Trabzon",
      "Tunceli",
      "Usak",
      "Van",
      "Yalova",
      "Yozgat",
      "Zonguldak"
    ]
  },
  "internet": {
    "domain_suffix": [
      "com.tr",
      "com",
      "net",
      "net.tr",
      "org",
      "org.tr",
      "biz",
      "info",
      "name",
      "gov.tr"
    ]
  },
  "lorem": {
    "words": [
      "masaya",
      "doğru",
      "gülüyorum",
      "telefonu",
      "patlıcan",
      "tv",
      "un",
      "değirmeni",
      "anlamsız",
      "filmini",
      "mi",
      "bilgisayarı",
      "salladı",
      "orta",
      "camisi",
      "çünkü",
      "yazın",
      "umut",
      "teldeki",
      "layıkıyla",
      "gül",
      "otobüs",
      "gitti",
      "değerli",
      "olduğu",
      "için",
      "çobanın",
      "öyle",
      "ki",
      "sokaklarda",
      "adanaya",
      "de",
      "masanın",
      "çakıl",
      "lambadaki",
      "gördüm",
      "ekşili",
      "çorba",
      "cezbelendi",
      "batarya",
      "kutusu",
      "lakin",
      "dışarı",
      "çıktılar",
      "karşıdakine",
      "bilgiyasayarı",
      "sevindi",
      "ve",
      "ışık",
      "dağılımı",
      "sıla",
      "koştum",
      "koşuyorlar",
      "göze",
      "çarpan",
      "eve",
      "yapacakmış",
      "gidecekmiş",
      "biber",
      "dergi",
      "ona",
      "duyulmamış",
      "türemiş",
      "sıfat",
      "sandalye",
      "mıknatıslı",
      "okuma",
      "sayfası",
      "sinema",
      "hesap",
      "makinesi",
      "balıkhaneye",
      "mutlu",
      "oldular",
      "beğendim",
      "kapının",
      "kulu",
      "koyun",
      "cesurca",
      "yaptı",
      "gazete",
      "uzattı",
      "ötekinden",
      "dolayı",
      "sarmal",
      "açılmadan",
      "adresini",
      "kalemi",
      "sıradanlıktan",
      "şafak",
      "ama",
      "bahar",
      "bundan",
      "domates",
      "düşünüyor",
      "layıkıyla",
      "alias",
      "consequatur",
      "aut",
      "perferendis",
      "sit",
      "voluptatem",
      "accusantium",
      "doloremque",
      "aperiam",
      "eaque",
      "ipsa",
      "quae",
      "ab",
      "illo",
      "inventore",
      "veritatis",
      "et",
      "quasi",
      "architecto",
      "beatae",
      "vitae",
      "dicta",
      "sunt",
      "explicabo",
      "aspernatur",
      "aut",
      "odit",
      "aut",
      "fugit",
      "sed",
      "quia",
      "consequuntur",
      "magni",
      "dolores",
      "eos",
      "qui",
      "ratione",
      "voluptatem",
      "sequi",
      "nesciunt",
      "neque",
      "dolorem",
      "ipsum",
      "quia",
      "dolor",
      "sit",
      "amet",
      "consectetur",
      "adipisci",
      "velit",
      "sed",
      "quia",
      "non",
      "numquam",
      "eius",
      "modi",
      "tempora",
      "incidunt",
      "ut",
      "labore",
      "et",
      "dolore",
      "magnam",
      "aliquam",
      "quaerat",
      "voluptatem",
      "ut",
      "enim",
      "ad",
      "minima",
      "veniam",
      "quis",
      "nostrum",
      "exercitationem",
      "ullam",
      "corporis",
      "nemo",
      "enim",
      "ipsam",
      "voluptatem",
      "quia",
      "voluptas",
      "sit",
      "suscipit",
      "laboriosam",
      "nisi",
      "ut",
      "aliquid",
      "ex",
      "ea",
      "commodi",
      "consequatur",
      "quis",
      "autem",
      "vel",
      "eum",
      "iure",
      "reprehenderit",
      "qui",
      "in",
      "ea",
      "voluptate",
      "velit",
      "esse",
      "quam",
      "nihil",
      "molestiae",
      "et",
      "iusto",
      "odio",
      "dignissimos",
      "ducimus",
      "qui",
      "blanditiis",
      "praesentium",
      "laudantium",
      "totam",
      "rem",
      "voluptatum",
      "deleniti"
    ]
  },
  "phone_number": {
    "area_code": [
      "392",
      "510",
      "512",
      "522",
      "562",
      "564",
      "592",
      "594",
      "800",
      "811",
      "822",
      "850",
      "888",
      "898",
      "900",
      "322",
      "416",
      "272",
      "472",
      "382",
      "358",
      "312",
      "242",
      "478",
      "466",
      "256",
      "266",
      "378",
      "488",
      "458",
      "228",
      "426",
      "434",
      "374",
      "248",
      "224",
      "286",
      "376",
      "364",
      "258",
      "412",
      "380",
      "284",
      "424",
      "446",
      "442",
      "222",
      "342",
      "454",
      "456",
      "438",
      "326",
      "476",
      "246",
      "216",
      "212",
      "232",
      "344",
      "370",
      "338",
      "474",
      "366",
      "352",
      "318",
      "288",
      "386",
      "348",
      "262",
      "332",
      "274",
      "422",
      "236",
      "482",
      "324",
      "252",
      "436",
      "384",
      "388",
      "452",
      "328",
      "464",
      "264",
      "362",
      "484",
      "368",
      "346",
      "414",
      "486",
      "282",
      "356",
      "462",
      "428",
      "276",
      "432",
      "226",
      "354",
      "372"
    ],
    "formats": [
      "+90-###-###-##-##",
      "+90-###-###-#-###"
    ]
  },
  "cell_phone": {
    "formats": [
      "+90-53#-###-##-##",
      "+90-54#-###-##-##",
      "+90-55#-###-##-##",
      "+90-50#-###-##-##"
    ]
  },
  "name": {
    "male_first_name": [
      "Abay",
      "Abidin",
      "Acar",
      "Acun",
      "Adem",
      "Adil",
      "Adnân",
      "Afşin",
      "Affan",
      "Afi",
      "Agâh",
      "Ahmet",
      "Ahsen",
      "Akalp",
      "Akbatur",
      "Akın",
      "Akın Alp",
      "Akıner",
      "Aktekin",
      "Aktimur",
      "Ali",
      "Alican",
      "Alişan",
      "Alişir",
      "Alp",
      "Alparslan",
      "Alpay",
      "Alper",
      "Alperen",
      "Alphan",
      "Altan",
      "Altemur",
      "Âmir",
      "Ammâr",
      "Ata",
      "Atalay",
      "Atâullah",
      "Avşar",
      "Aykan",
      "Ayvaz",
      "Anıl",
      "Ant",
      "Arda",
      "Arif",
      "Arslan",
      "Asım",
      "Asil",
      "Aşkın",
      "Atakan",
      "Atıf",
      "Atilla",
      "Avni",
      "Aydemir",
      "Aydın",
      "Ayhan",
      "Aykut",
      "Aytaç",
      "Aytekin",
      "Aytuğ",
      "Azer",
      "Aziz",
      "Azizhan",
      "Azmi",
      "Babacan",
      "Barın",
      "Battal",
      "Behram",
      "Behzat",
      "Bekir",
      "Bektaş",
      "Bera",
      "Berkan",
      "Berkin",
      "Beşer",
      "Baha",
      "Bahadır",
      "Bahri",
      "Bahtiyar",
      "Bâki",
      "Barış",
      "Barkın",
      "Barlas",
      "Bartu",
      "Batu",
      "Batuhan",
      "Batur",
      "Baturalp",
      "Baykal",
      "Bayram",
      "Bedir",
      "Bedirhan",
      "Bedreddin",
      "Bedri",
      "Behçet",
      "Behiç",
      "Behlül",
      "Behzat",
      "Bekir",
      "Bera",
      "Berat",
      "Berk",
      "Berkay",
      "Besim",
      "Beşir",
      "Bilâl",
      "Birol",
      "Bora",
      "Buğra",
      "Bulut",
      "Burak",
      "Burhan",
      "Bülent",
      "Bünyamin",
      "Cafer",
      "Cahid",
      "Can",
      "Canalp",
      "Cândar",
      "Caner",
      "Cankan",
      "Cavid",
      "Celal",
      "Celâleddin",
      "Celasun",
      "Celil",
      "Cem",
      "Cemal",
      "Cemali",
      "Cemil",
      "Cenk",
      "Cevat",
      "Cevahir",
      "Ceyhun",
      "Cezmi",
      "Cihan",
      "Coşkun",
      "Coşkuner",
      "Cumhur",
      "Cübeyr",
      "Cüneyt",
      "Cezmi",
      "Cihad",
      "Cihangir",
      "Civan",
      "Cihanşah",
      "Çağan",
      "Çağatay",
      "Çağdaş",
      "Çağlar",
      "Çağrı",
      "Çağrıhan",
      "Çelen",
      "Çelik",
      "Çetin",
      "Çetinel",
      "Çetiner",
      "Dağhan",
      "Dâver",
      "Davud",
      "Demiralp",
      "Demirhan",
      "Denizalp",
      "Devran",
      "Dikmen",
      "Dilaver",
      "Dildâr",
      "Dilhan",
      "Dinç",
      "Dâver",
      "Derviş",
      "Dilhan",
      "Dinçer",
      "Direnç",
      "Doğan",
      "Doğanay",
      "Doğaner",
      "Doğu",
      "Dora",
      "Durmuş",
      "Dündar",
      "Ebuzer",
      "Ecevit",
      "Ecmel",
      "Ediz",
      "Efe",
      "Efsun",
      "Egemen",
      "Ekrem",
      "Elgin",
      "Emin",
      "Emir",
      "Emrah",
      "Emre",
      "Emrullah",
      "Ender",
      "Enderun",
      "Enes",
      "Engin",
      "Enis",
      "Ensar",
      "Enver",
      "Eralp",
      "Eray",
      "Erberk",
      "Ercan",
      "Ercüment",
      "Erçin",
      "Erda",
      "Erdal",
      "Erdem",
      "Erdinç",
      "Erel",
      "Eren",
      "Ergin",
      "Ergün",
      "Ergüner",
      "Erhan",
      "Erkâm",
      "Erkân",
      "Erman",
      "Erol",
      "Ersin",
      "Erşan",
      "Ertan",
      "Ertuğrul",
      "Esat",
      "Eşref",
      "Ethem",
      "Evren",
      "Ecehan",
      "Ecmel",
      "Ecvet",
      "Ede",
      "Edhem",
      "Efken",
      "Eflah",
      "Ekmel",
      "Elvan",
      "Emced",
      "Emir",
      "Evran",
      "Eymen",
      "Eyüp",
      "Ezrak",
      "Fadıl",
      "Fahrettin",
      "Fahri",
      "Faik",
      "Faris",
      "Faruk",
      "Fatih",
      "Faysal",
      "Fazıl",
      "Fehmi",
      "Ferda",
      "Ferdi",
      "Ferhat",
      "Ferhan",
      "Ferhat",
      "Ferit",
      "Feridun",
      "Ferruh",
      "Fevzi",
      "Feyyaz",
      "Feyzullah",
      "Fikret",
      "Fikri",
      "Fuat",
      "Furkân",
      "Fazlı",
      "Fâlih",
      "Faris",
      "Fasih",
      "Fatin",
      "Fazullah",
      "Feda",
      "Fedai",
      "Feramuz",
      "Feramuş",
      "Ferhan",
      "Ferman",
      "Ferruh",
      "Fuzuli",
      "Gaffar",
      "Gazanfer",
      "Gencer",
      "Gökalp",
      "Gökben",
      "Gökmen",
      "Gönenç",
      "Görkem",
      "Gülhan",
      "Gültekin",
      "Günay",
      "Güner",
      "Göngör",
      "Gürdal",
      "Gürhan",
      "Gürkan",
      "Gürol",
      "Gürsel",
      "Güven",
      "Güvenalp",
      "Gazi",
      "Gevheri",
      "Gıyas",
      "Giray",
      "Gürbüz",
      "Habib",
      "Hâdi",
      "Hafız",
      "Hakan",
      "Hakkı",
      "Haldun",
      "Halit",
      "Halil",
      "Halim",
      "Hâlis",
      "Haluk",
      "Hamdi",
      "Hami",
      "Hamit",
      "Hamza",
      "Harun",
      "Hasan",
      "Haşim",
      "Haşmet",
      "Hayati",
      "Haydar",
      "Hazar",
      "Hıfzı",
      "Hikmet",
      "Hilmi",
      "Himmet",
      "Hulki",
      "Hulusi",
      "Hurşit",
      "Hüma",
      "Hürkan",
      "Hüsamettin",
      "Hüseyin",
      "Hüsnü",
      "Hüsrev",
      "Habbab",
      "Habil",
      "Hacib",
      "Hafi",
      "Hafid",
      "Hakem",
      "Haki",
      "Hamdullah",
      "Hammâd",
      "Hanefi",
      "Hani",
      "Haseki",
      "Hasibi",
      "Hasin",
      "Hâtem",
      "Hattâb",
      "Hatip",
      "Hayali",
      "Haşim",
      "Hazım",
      "Hızır",
      "Hicabi",
      "Himmet",
      "Hişam",
      "Hud",
      "Huzeyfe",
      "Hüccet",
      "Hüdâvendigâr",
      "Hüdayi",
      "Hümayun",
      "Hüsameddin",
      "Ilgın",
      "Işıner",
      "Itri",
      "İbrahim",
      "İdris",
      "İhsan",
      "İkbal",
      "İlbey",
      "İlhami",
      "İlhan",
      "İlkay",
      "İlker",
      "İlyas",
      "İrfan",
      "İsmail",
      "İsmet",
      "İzzettin",
      "İzzet",
      "İhvan",
      "İkrime",
      "Kadir",
      "Kadrican",
      "Kağan",
      "Kamber",
      "Kâmil",
      "Karahan",
      "Kayaalp",
      "Kâzım",
      "Kemâl",
      "Kemalettin",
      "Kenan",
      "Kerami",
      "Kerem",
      "Kerim",
      "Koray",
      "Korkut",
      "Köksal",
      "Kubat",
      "Kubilay",
      "Kutbettin",
      "Kürşad",
      "Kabil",
      "Kadem",
      "Kadı",
      "Kalender",
      "Kamran",
      "Kasım",
      "Keleş",
      "Keramet",
      "Kerami",
      "Keremşah",
      "Keşşaf",
      "Kuddusi",
      "Lamih",
      "Latif",
      "Levent",
      "Lütfullah",
      "Lütfi",
      "Maad",
      "Mahir",
      "Mahmut",
      "Mahzun",
      "Maksud",
      "Mansur",
      "Mazhar",
      "Mehmet",
      "Melih",
      "Melikşah",
      "Memduh",
      "Mert",
      "Mesut",
      "Mete",
      "Metin",
      "Mevlüt",
      "Mithat",
      "Muammer",
      "Muaviye",
      "Muhammed",
      "Muharrem",
      "Muhsin",
      "Muhyiddin",
      "Mukadder",
      "Murat",
      "Musa",
      "Mustafa",
      "Muzaffer",
      "Müfid",
      "Müjdat",
      "Mümtaz",
      "Münir",
      "Mestan",
      "Mir",
      "Miraç",
      "Mirkelam",
      "Mirza",
      "Misbah",
      "Muaz",
      "Muhtar",
      "Muhterem",
      "Muhteşem",
      "Muktedi",
      "Muktedir",
      "Muktefi",
      "Muslih",
      "Mutahhar",
      "Mutasım",
      "Muteber",
      "Mutemed",
      "Muttalib",
      "Mükerrem",
      "Müren",
      "Müşir",
      "Müzdad",
      "Nabi",
      "Naci",
      "Nadi",
      "Nadir",
      "Nafiz",
      "Nahid",
      "Nahil",
      "Nail",
      "Naim",
      "Namık",
      "Nasrullah",
      "Nazım",
      "Nazif",
      "Nazmi",
      "Necat",
      "Necati",
      "Necdet",
      "Necib",
      "Necmettin",
      "Nedim",
      "Nejat",
      "Nesim",
      "Neşet",
      "Nevzat",
      "Nihat",
      "Niyazi",
      "Nizamettin",
      "Numan",
      "Nurettin",
      "Nurullah",
      "Nusret",
      "Oğuz",
      "Oğuzhan",
      "Okan",
      "Oktay",
      "Onur",
      "Orhan",
      "Osman",
      "Ozan",
      "Ömer",
      "Önder",
      "Özcan",
      "Özden",
      "Özer",
      "Özgür",
      "Özhan",
      "Özkan",
      "Payidar",
      "Pertev",
      "Perver",
      "Peyami",
      "Raci",
      "Rafet",
      "Rahim",
      "Rahmi",
      "Raif",
      "Rakıp",
      "Ramazan",
      "Ramiz",
      "Rasim",
      "Raşit",
      "Rauf",
      "Recai",
      "Recep",
      "Refik",
      "Reha",
      "Remzi",
      "Resûl",
      "Reşat",
      "Rıdvan",
      "Rıfat",
      "Rıfkı",
      "Rıza",
      "Rüçhan",
      "Rükneddin",
      "Rüştü",
      "Refah",
      "Refet",
      "Reis",
      "Resül",
      "Rifat",
      "Rüçhan",
      "Sabri",
      "Sacid",
      "Sadberk",
      "Sadettin",
      "Sadık",
      "Sadi",
      "Sadri",
      "Sadullah",
      "Safa",
      "Saffet",
      "Said",
      "Saim",
      "Sâkıp",
      "Salih",
      "Salim",
      "Samed",
      "Sami",
      "Samih",
      "Samim",
      "Savaş",
      "Seçkin",
      "Sedat",
      "Sefer",
      "Selahattin",
      "Selami",
      "Selçuk",
      "Selim",
      "Semih",
      "Serbülent",
      "Sergen",
      "Serhat",
      "Sermet",
      "Sertaç",
      "Server",
      "Settar",
      "Seyfettin",
      "Seyfi",
      "Seyfullah",
      "Seyyit",
      "Sıdkı",
      "Sırrı",
      "Sinan",
      "Suat",
      "Subhi",
      "Sudi",
      "Sururi",
      "Süheyl",
      "Süleyman",
      "Şaban",
      "Şadan",
      "Şahap",
      "Şahin",
      "Şahsuvar",
      "Şakir",
      "Şamil",
      "Şayan",
      "Şefik",
      "Şemsi",
      "Şener",
      "Şenol",
      "Şerafettin",
      "Şeref",
      "Şerif",
      "Şevket",
      "Şevki",
      "Şinasi",
      "Şükrü",
      "Şahinalp",
      "Şahsüvar",
      "Şâfi",
      "Şarani",
      "Şecaeddin",
      "Şehlevent",
      "Şemsi",
      "Şeyban",
      "Şihab",
      "Şihabeddin",
      "Şir",
      "Taceddin",
      "Tahir",
      "Tahsin",
      "Taib",
      "Talat",
      "Talay",
      "Talha",
      "Talip",
      "Tamer",
      "Taner",
      "Tanju",
      "Tarık",
      "Tarkan",
      "Taşkın",
      "Tayfun",
      "Tayyar",
      "Tekin",
      "Tekinalp",
      "Temel",
      "Teoman",
      "Tevfik",
      "Tevhid",
      "Tezcan",
      "Tezel",
      "Tınas",
      "Timur",
      "Tolga",
      "Tolunay",
      "Tufan",
      "Tugay",
      "Tuğrul",
      "Tuğtekin",
      "Tuhfe",
      "Tunahan",
      "Tunç",
      "Tunçer",
      "Turan",
      "Turgay",
      "Turgut",
      "Tümer",
      "Türkay",
      "Türkeş",
      "Türker",
      "Ufuk",
      "Uğur",
      "Ukbe",
      "Ulvi",
      "Umur",
      "Umuralp",
      "Umut",
      "Usame",
      "Utku",
      "Ülgen",
      "Ülker",
      "Ümit",
      "Ünal",
      "Üzeyir",
      "Vahâ",
      "Vahdet",
      "Vahid",
      "Valid",
      "Vecdi",
      "Vedat",
      "Vefa",
      "Vefik",
      "Vehbi",
      "Veli",
      "Veysel",
      "Veysi",
      "Volkan",
      "Yağız",
      "Yahya",
      "Yalçın",
      "Yalgın",
      "Yaman",
      "Yasin",
      "Yaşar",
      "Yavuz",
      "Yekta",
      "Yener",
      "Yetkin",
      "Yıldırım",
      "Yılmaz",
      "Yiğit",
      "Yunus",
      "Yusuf",
      "Yüce",
      "Yücel",
      "Yüksel",
      "Yümni",
      "Zafer",
      "Zâhit",
      "Zekeriyyâ",
      "Zeyd",
      "Zihnî",
      "Ziyâd",
      "Zülfikâr",
      "Zâfir",
      "Zamir",
      "Zekai",
      "Zeynel",
      "Ziver",
      "Ziya",
      "Ziyad",
      "Zübeyr"
    ],
    "female_first_name": [
      "Abendam",
      "Açela",
      "Açelya",
      "Açılay",
      "Adel",
      "Adelya",
      "Adile",
      "Afitap",
      "Afra",
      "Ağça",
      "Ahenk",
      "Ahlem",
      "Alisa",
      "Almila",
      "Alvina",
      "Amelya",
      "Amara",
      "Andaç",
      "Anar",
      "Anise",
      "Anita",
      "Anka",
      "Alpike",
      "Altın",
      "Arın",
      "Arya",
      "Asuela",
      "Aslım",
      "Ayren",
      "Aykal",
      "Aysar",
      "Ayşıl",
      "Bade",
      "Bağdagül",
      "Balın",
      "Bediz",
      "Bedran",
      "Behrem",
      "Belçim",
      "Belma",
      "Beltun",
      "Belemir",
      "Benice",
      "Benli",
      "Berceste",
      "Berçin",
      "Berinay",
      "Berran",
      "Berre",
      "Berva",
      "Besra",
      "Çağıl",
      "Cangül",
      "Cannur",
      "Cansel",
      "Cansın",
      "Canel",
      "Ceren",
      "Ceyda",
      "Cilvenaz",
      "Ceylinaz",
      "Ceylin",
      "Ceyla",
      "Ceylan",
      "Çağla",
      "Çeşminaz",
      "Çıgıl",
      "Çiçek",
      "Çilay",
      "Çiler",
      "Çimen",
      "Çise",
      "Çişem",
      "Çisil",
      "Damla",
      "Defne",
      "Demet",
      "Deniz",
      "Derya",
      "Destan",
      "Deste",
      "Didem",
      "Dilan",
      "Dilara",
      "Dilay",
      "Diler",
      "Dilhan",
      "Dilek",
      "Dilruba",
      "Döndü",
      "Duygu",
      "Dünya",
      "Dürdane",
      "Dürriye",
      "Dicle",
      "Dolunay",
      "Destan",
      "Derin",
      "Diclehan",
      "Dilberay",
      "Ebru",
      "Ece",
      "Eda",
      "Ekin",
      "Ela",
      "Elçin",
      "Elif",
      "Elmas",
      "Elvan",
      "Emel",
      "Emine",
      "Enise",
      "Esen",
      "Eser",
      "Esin",
      "Esmeray",
      "Eylül",
      "Evşen",
      "Eftalya",
      "Ecem",
      "Eyşan",
      "Fadime",
      "Fahriye",
      "Fahrünissa",
      "Fatma",
      "Fatoş",
      "Fazilet",
      "Fehime",
      "Ferah",
      "Feray",
      "Ferda",
      "Feride",
      "Feriha",
      "Feyza",
      "Fidan",
      "Figen",
      "Fikriye",
      "Filiz",
      "Firdevs",
      "Fulya",
      "Fuldem",
      "Fulden",
      "Funda",
      "Füruzan",
      "Füsun",
      "Füreyya",
      "Gamze",
      "Gaye",
      "Gizem",
      "Gonca",
      "Gökben",
      "Gökçe",
      "Gökşin",
      "Gönül",
      "Gözde",
      "Güher",
      "Gül",
      "Gülbahar",
      "Gülben",
      "Gülçin",
      "Güldem",
      "Gülden",
      "Güldeste",
      "Gülen",
      "Gülşen",
      "Gülgün",
      "Gülnaz",
      "Gülpembe",
      "Gülriz",
      "Gülsen",
      "Günay",
      "Güneş",
      "Güner",
      "Güngör",
      "Güniz",
      "Günsel",
      "Günseli",
      "Gürcan",
      "Güven",
      "Göknur",
      "Günnur",
      "Hale",
      "Handan",
      "Hande",
      "Hayal",
      "Hayat",
      "Hazan",
      "Hilal",
      "Hülya",
      "Hümeyra",
      "Hüner",
      "Ilgın",
      "Işık",
      "Işıl",
      "Işılay",
      "Işın",
      "Itır",
      "İclal",
      "İdil",
      "İffet",
      "İkbal",
      "İlayda",
      "İlkben",
      "İlke",
      "İlknur",
      "İlksen",
      "İlkyaz",
      "İmge",
      "İmran",
      "İnci",
      "İpek",
      "İrem",
      "İzel",
      "Yaprak",
      "Yasemin",
      "Yağmur",
      "Yelda",
      "Yeliz",
      "Yeşim",
      "Yıldız",
      "Yonca",
      "Yosun",
      "Jale",
      "Julide",
      "Kader",
      "Kadriye",
      "Kamelya",
      "Kamile",
      "Kamuran",
      "Kevser",
      "Kumru",
      "Kısmet",
      "Kıymet",
      "Kiraz",
      "Lale",
      "Lamia",
      "Latife",
      "Leman",
      "Lemide",
      "Lerzan",
      "Leyla",
      "Lida",
      "Mehtap",
      "Melda",
      "Melek",
      "Melike",
      "Melis",
      "Melisa",
      "Melodi",
      "Meltem",
      "Meral",
      "Meriç",
      "Merih",
      "Merve",
      "Meryem",
      "Mihriban",
      "Mine",
      "Miray",
      "Müesser",
      "Münevver",
      "Müge",
      "Müjde",
      "Müjgan",
      "Mukaddes",
      "Mısra",
      "Nalan",
      "Naz",
      "Nazan",
      "Nazlı",
      "Necla",
      "Nehir",
      "Nergis",
      "Neslişah",
      "Nesrin",
      "Nevin",
      "Nevra",
      "Nida",
      "Nigar",
      "Nihal",
      "Nihan",
      "Nil",
      "Nilgün",
      "Nisa",
      "Nisan",
      "Nükhet",
      "Nur",
      "Nural",
      "Nuran",
      "Nurgül",
      "Nursel",
      "Nurseli",
      "Okşan",
      "Olcay",
      "Oya",
      "Öykü",
      "Özden",
      "Özge",
      "Özlem",
      "Özlen",
      "Öznur",
      "Parla",
      "Pakize",
      "Pelin",
      "Pelinsu",
      "Pembe",
      "Peri",
      "Perihan",
      "Perran",
      "Pervin",
      "Petek",
      "Pınar",
      "Piraye",
      "Rabia",
      "Rahime",
      "Rahşan",
      "Rana",
      "Rengin",
      "Reyhan",
      "Rezzan",
      "Rüya",
      "Ruhsar",
      "Sanem",
      "Seçil",
      "Seda",
      "Sedef",
      "Seden",
      "Seher",
      "Selda",
      "Selen",
      "Selin",
      "Selma",
      "Selvi",
      "Sema",
      "Semra",
      "Senay",
      "Serap",
      "Sertap",
      "Seren",
      "Serin",
      "Serpil",
      "Sevda",
      "Sevgi",
      "Sevil",
      "Sevim",
      "Sevinç",
      "Sevtap",
      "Seval",
      "Sıla",
      "Sibel",
      "Simge",
      "Sinem",
      "Songül",
      "Su",
      "Sunay",
      "Suzan",
      "Şebnem",
      "Şehrazat",
      "Şelale",
      "Şenay",
      "Şengül",
      "Şennur",
      "Şermin",
      "Şeyda",
      "Şeyma",
      "Şevval",
      "Şiir",
      "Şule",
      "Tanyeli",
      "Tezer",
      "Tuğba",
      "Turna",
      "Tutku",
      "Tülay",
      "Tülin",
      "Türkan",
      "Tunay",
      "Utku",
      "Ulus",
      "Uhra",
      "Uygu",
      "Ulviye",
      "Ülfet",
      "Ülker",
      "Ülkü",
      "Ümmiye",
      "Ümran",
      "Ünsel",
      "Ünseli",
      "Vahide",
      "Verda",
      "Vesile",
      "Vicdan",
      "Vildan",
      "Vuslat",
      "Yaprak",
      "Yasemin",
      "Yağmur",
      "Yelda",
      "Yeliz",
      "Yeşim",
      "Yıldız",
      "Yonca",
      "Yosun",
      "Zahide",
      "Zehra",
      "Zekiye",
      "Zerrin",
      "Zeynep",
      "Zübeyde",
      "Zühal",
      "Zülal",
      "Züleyha",
      "Zeliha",
      "Zümrüt"
    ],
    "first_name": [
      "Aba",
      "Abak",
      "Abaka",
      "Abakan",
      "Abakay",
      "Abar",
      "Abay",
      "Abı",
      "Abılay",
      "Abluç",
      "Abşar",
      "Açığ",
      "Açık",
      "Açuk",
      "Adalan",
      "Adaldı",
      "Adalmış",
      "Adar",
      "Adaş",
      "Adberilgen",
      "Adıgüzel",
      "Adık",
      "Adıkutlu",
      "Adıkutlutaş",
      "Adlı",
      "Adlıbeğ",
      "Adraman",
      "Adsız",
      "Afşar",
      "Afşın",
      "Ağabay",
      "Ağakağan",
      "Ağalak",
      "Ağlamış",
      "Ak",
      "Akaş",
      "Akata",
      "Akbaş",
      "Akbay",
      "Akboğa",
      "Akbörü",
      "Akbudak",
      "Akbuğra",
      "Akbulak",
      "Akça",
      "Akçakoca",
      "Akçora",
      "Akdemir",
      "Akdoğan",
      "Akı",
      "Akıbudak",
      "Akım",
      "Akın",
      "Akınçı",
      "Akkun",
      "Akkunlu",
      "Akkurt",
      "Akkuş",
      "Akpıra",
      "Aksungur",
      "Aktan",
      "Al",
      "Ala",
      "Alaban",
      "Alabörü",
      "Aladağ",
      "Aladoğan",
      "Alakurt",
      "Alayunt",
      "Alayuntlu",
      "Aldemir",
      "Aldıgerey",
      "Aldoğan",
      "Algu",
      "Alımga",
      "Alka",
      "Alkabölük",
      "Alkaevli",
      "Alkan",
      "Alkaşı",
      "Alkış",
      "Alp",
      "Alpagut",
      "Alpamış",
      "Alparsbeğ",
      "Alparslan",
      "Alpata",
      "Alpay",
      "Alpaya",
      "Alpaykağan",
      "Alpbamsı",
      "Alpbilge",
      "Alpdirek",
      "Alpdoğan",
      "Alper",
      "Alperen",
      "Alpertunga",
      "Alpgerey",
      "Alpış",
      "Alpilig",
      "Alpkara",
      "Alpkutlu",
      "Alpkülük",
      "Alpşalçı",
      "Alptegin",
      "Alptuğrul",
      "Alptunga",
      "Alpturan",
      "Alptutuk",
      "Alpuluğ",
      "Alpurungu",
      "Alpurungututuk",
      "Alpyörük",
      "Altan",
      "Altankağan",
      "Altankan",
      "Altay",
      "Altın",
      "Altınkağan",
      "Altınkan",
      "Altınoba",
      "Altıntamgan",
      "Altıntamgantarkan",
      "Altıntarkan",
      "Altıntay",
      "Altmışkara",
      "Altuga",
      "Amaç",
      "Amrak",
      "Amul",
      "Ançuk",
      "Andarıman",
      "Anıl",
      "Ant",
      "Apa",
      "Apak",
      "Apatarkan",
      "Aprançur",
      "Araboğa",
      "Arademir",
      "Aral",
      "Arbay",
      "Arbuz",
      "Arçuk",
      "Ardıç",
      "Argıl",
      "Argu",
      "Argun",
      "Arı",
      "Arıboğa",
      "Arık",
      "Arıkağan",
      "Arıkdoruk",
      "Arınç",
      "Arkın",
      "Arkış",
      "Armağan",
      "Arnaç",
      "Arpat",
      "Arsal",
      "Arsıl",
      "Arslan",
      "Arslanargun",
      "Arslanbörü",
      "Arslansungur",
      "Arslantegin",
      "Arslanyabgu",
      "Arşun",
      "Artıınal",
      "Artuk",
      "Artukaç",
      "Artut",
      "Aruk",
      "Asartegin",
      "Asığ",
      "Asrı",
      "Asuğ",
      "Aşan",
      "Aşanboğa",
      "Aşantuğrul",
      "Aşantudun",
      "Aşıkbulmuş",
      "Aşkın",
      "Aştaloğul",
      "Aşuk",
      "Ataç",
      "Atakağan",
      "Atakan",
      "Atalan",
      "Ataldı",
      "Atalmış",
      "Ataman",
      "Atasagun",
      "Atasu",
      "Atberilgen",
      "Atıgay",
      "Atıkutlu",
      "Atıkutlutaş",
      "Atıla",
      "Atılgan",
      "Atım",
      "Atımer",
      "Atış",
      "Atlı",
      "Atlıbeğ",
      "Atlıkağan",
      "Atmaca",
      "Atsız",
      "Atunçu",
      "Avar",
      "Avluç",
      "Avşar",
      "Ay",
      "Ayaçı",
      "Ayas",
      "Ayaş",
      "Ayaz",
      "Aybalta",
      "Ayban",
      "Aybars",
      "Aybeğ",
      "Aydarkağan",
      "Aydemir",
      "Aydın",
      "Aydınalp",
      "Aydoğan",
      "Aydoğdu",
      "Aydoğmuş",
      "Aygırak",
      "Ayıtmış",
      "Ayız",
      "Ayızdağ",
      "Aykağan",
      "Aykan",
      "Aykurt",
      "Ayluç",
      "Ayluçtarkan",
      "Ayma",
      "Ayruk",
      "Aysılığ",
      "Aytak",
      "Ayyıldız",
      "Azak",
      "Azban",
      "Azgan",
      "Azganaz",
      "Azıl",
      "Babır",
      "Babur",
      "Baçara",
      "Baççayman",
      "Baçman",
      "Badabul",
      "Badruk",
      "Badur",
      "Bağa",
      "Bağaalp",
      "Bağaışbara",
      "Bağan",
      "Bağaşatulu",
      "Bağatarkan",
      "Bağatengrikağan",
      "Bağatur",
      "Bağaturçigşi",
      "Bağaturgerey",
      "Bağaturipi",
      "Bağatursepi",
      "Bağış",
      "Bağtaş",
      "Bakağul",
      "Bakır",
      "Bakırsokum",
      "Baksı",
      "Bakşı",
      "Balaban",
      "Balaka",
      "Balakatay",
      "Balamır",
      "Balçar",
      "Baldu",
      "Balkık",
      "Balta",
      "Baltacı",
      "Baltar",
      "Baltır",
      "Baltur",
      "Bamsı",
      "Bangu",
      "Barak",
      "Baraktöre",
      "Baran",
      "Barbeğ",
      "Barboğa",
      "Barbol",
      "Barbulsun",
      "Barça",
      "Barçadoğdu",
      "Barçadoğmuş",
      "Barçadurdu",
      "Barçadurmuş",
      "Barçan",
      "Barçatoyun",
      "Bardıbay",
      "Bargan",
      "Barımtay",
      "Barın",
      "Barkan",
      "Barkdoğdu",
      "Barkdoğmuş",
      "Barkdurdu",
      "Barkdurmuş",
      "Barkın",
      "Barlas",
      "Barlıbay",
      "Barmaklak",
      "Barmaklı",
      "Barman",
      "Bars",
      "Barsbeğ",
      "Barsboğa",
      "Barsgan",
      "Barskan",
      "Barsurungu",
      "Bartu",
      "Basademir",
      "Basan",
      "Basanyalavaç",
      "Basar",
      "Basat",
      "Baskın",
      "Basmıl",
      "Bastı",
      "Bastuğrul",
      "Basu",
      "Basut",
      "Başak",
      "Başbuğ",
      "Başçı",
      "Başgan",
      "Başkırt",
      "Başkurt",
      "Baştar",
      "Batrak",
      "Batu",
      "Batuk",
      "Batur",
      "Baturalp",
      "Bay",
      "Bayançar",
      "Bayankağan",
      "Bayat",
      "Bayazıt",
      "Baybars",
      "Baybayık",
      "Baybiçen",
      "Bayboğa",
      "Baybora",
      "Baybüre",
      "Baydar",
      "Baydemir",
      "Baydur",
      "Bayık",
      "Bayınçur",
      "Bayındır",
      "Baykal",
      "Baykara",
      "Baykoca",
      "Baykuzu",
      "Baymünke",
      "Bayna",
      "Baynal",
      "Baypüre",
      "Bayrı",
      "Bayraç",
      "Bayrak",
      "Bayram",
      "Bayrın",
      "Bayruk",
      "Baysungur",
      "Baytara",
      "Baytaş",
      "Bayunçur",
      "Bayur",
      "Bayurku",
      "Bayutmuş",
      "Bayuttu",
      "Bazır",
      "Beçeapa",
      "Beçkem",
      "Beğ",
      "Beğarslan",
      "Beğbars",
      "Beğbilgeçikşin",
      "Beğboğa",
      "Beğçur",
      "Beğdemir",
      "Beğdilli",
      "Beğdurmuş",
      "Beğkulu",
      "Beğtaş",
      "Beğtegin",
      "Beğtüzün",
      "Begi",
      "Begil",
      "Begine",
      "Begitutuk",
      "Beglen",
      "Begni",
      "Bek",
      "Bekazıl",
      "Bekbekeç",
      "Bekeç",
      "Bekeçarslan",
      "Bekeçarslantegin",
      "Bekeçtegin",
      "Beker",
      "Beklemiş",
      "Bektür",
      "Belçir",
      "Belek",
      "Belgi",
      "Belgüc",
      "Beltir",
      "Bengi",
      "Bengü",
      "Benlidemir",
      "Berdibeğ",
      "Berendey",
      "Bergü",
      "Berginsenge",
      "Berk",
      "Berke",
      "Berkiş",
      "Berkyaruk",
      "Bermek",
      "Besentegin",
      "Betemir",
      "Beyizçi",
      "Beyrek",
      "Beyrem",
      "Bıçkı",
      "Bıçkıcı",
      "Bıdın",
      "Bıtaybıkı",
      "Bıtrı",
      "Biçek",
      "Bilge",
      "Bilgebayunçur",
      "Bilgebeğ",
      "Bilgeçikşin",
      "Bilgeışbara",
      "Bilgeışbaratamgan",
      "Bilgekağan",
      "Bilgekan",
      "Bilgekutluk",
      "Bilgekülüçur",
      "Bilgetaçam",
      "Bilgetamgacı",
      "Bilgetardu",
      "Bilgetegin",
      "Bilgetonyukuk",
      "Bilgez",
      "Bilgiç",
      "Bilgin",
      "Bilig",
      "Biligköngülsengün",
      "Bilik",
      "Binbeği",
      "Bindir",
      "Boğa",
      "Boğaç",
      "Boğaçuk",
      "Boldaz",
      "Bolmuş",
      "Bolsun",
      "Bolun",
      "Boncuk",
      "Bongul",
      "Bongulboğa",
      "Bora",
      "Boran",
      "Borçul",
      "Borlukçu",
      "Bornak",
      "Boyan",
      "Boyankulu",
      "Boylabağa",
      "Boylabağatarkan",
      "Boylakutlutarkan",
      "Bozan",
      "Bozbörü",
      "Bozdoğan",
      "Bozkurt",
      "Bozkuş",
      "Bozok",
      "Bögde",
      "Böge",
      "Bögü",
      "Bökde",
      "Bökde",
      "Böke",
      "Bölen",
      "Bölükbaşı",
      "Bönek",
      "Bönge",
      "Börü",
      "Börübars",
      "Börüsengün",
      "Börteçine",
      "Buçan",
      "Buçur",
      "Budağ",
      "Budak",
      "Budunlu",
      "Buğday",
      "Buğra",
      "Buğrakarakağan",
      "Bukak",
      "Bukaktutuk",
      "Bulaçapan",
      "Bulak",
      "Bulan",
      "Buldur",
      "Bulgak",
      "Bulmaz",
      "Bulmuş",
      "Buluç",
      "Buluğ",
      "Buluk",
      "Buluş",
      "Bulut",
      "Bumın",
      "Bunsuz",
      "Burçak",
      "Burguçan",
      "Burkay",
      "Burslan",
      "Burulday",
      "Burulgu",
      "Burunduk",
      "Buşulgan",
      "Butak",
      "Butuk",
      "Buyan",
      "Buyançuk",
      "Buyandemir",
      "Buyankara",
      "Buyat",
      "Buyraç",
      "Buyruç",
      "Buyruk",
      "Buzaç",
      "Buzaçtutuk",
      "Büdüs",
      "Büdüstudun",
      "Bügü",
      "Bügdüz",
      "Bügdüzemen",
      "Büge",
      "Büğübilge",
      "Bükdüz",
      "Büke",
      "Bükebuyraç",
      "Bükebuyruç",
      "Bükey",
      "Büktegin",
      "Büküşboğa",
      "Bümen",
      "Bünül",
      "Büre",
      "Bürgüt",
      "Bürkek",
      "Bürküt",
      "Bürlük",
      "Cebe",
      "Ceyhun",
      "Cılasun",
      "Çaba",
      "Çabdar",
      "Çablı",
      "Çabuş",
      "Çağan",
      "Çağatay",
      "Çağlar",
      "Çağlayan",
      "Çağrı",
      "Çağrıbeğ",
      "Çağrıtegin",
      "Çağru",
      "Çalapkulu",
      "Çankız",
      "Çemen",
      "Çemgen",
      "Çeykün",
      "Çıngır",
      "Çiçek",
      "Çiçem",
      "Çiğdem",
      "Çilenti",
      "Çimen",
      "Çobulmak",
      "Çocukbörü",
      "Çokramayul",
      "Çolman",
      "Çolpan",
      "Çölü",
      "Damla",
      "Deniz",
      "Dilek",
      "Diri",
      "Dizik",
      "Duru",
      "Dururbunsuz",
      "Duygu",
      "Ebin",
      "Ebkızı",
      "Ebren",
      "Edil",
      "Ediz",
      "Egemen",
      "Eğrim",
      "Ekeç",
      "Ekim",
      "Ekin",
      "Elkin",
      "Elti",
      "Engin",
      "Erdem",
      "Erdeni",
      "Erdeniözük",
      "Erdenikatun",
      "Erentüz",
      "Ergene",
      "Ergenekatun",
      "Erinç",
      "Erke",
      "Ermen",
      "Erten",
      "Ertenözük",
      "Esen",
      "Esenbike",
      "Eser",
      "Esin",
      "Etil",
      "Evin",
      "Eyiz",
      "Gelin",
      "Gelincik",
      "Gökbörü",
      "Gökçe",
      "Gökçegöl",
      "Gökçen",
      "Gökçiçek",
      "Gökşin",
      "Gönül",
      "Görün",
      "Gözde",
      "Gülegen",
      "Gülemen",
      "Güler",
      "Gülümser",
      "Gümüş",
      "Gün",
      "Günay",
      "Günçiçek",
      "Gündoğdu",
      "Gündoğmuş",
      "Güneş",
      "Günyaruk",
      "Gürbüz",
      "Güvercin",
      "Güzey",
      "Işığ",
      "Işık",
      "Işıl",
      "Işılay",
      "Ila",
      "Ilaçın",
      "Ilgın",
      "Inanç",
      "Irmak",
      "Isığ",
      "Isık",
      "Iyık",
      "Iyıktağ",
      "İdil",
      "İkeme",
      "İkiçitoyun",
      "İlbilge",
      "İldike",
      "İlgegü",
      "İmrem",
      "İnci",
      "İnç",
      "İrinç",
      "İrinçköl",
      "İrtiş",
      "İtil",
      "Kancı",
      "Kançı",
      "Kapgar",
      "Karaca",
      "Karaça",
      "Karak",
      "Kargılaç",
      "Karlıgaç",
      "Katun",
      "Katunkız",
      "Kayacık",
      "Kayaçık",
      "Kayça",
      "Kaynak",
      "Kazanç",
      "Kazkatun",
      "Kekik",
      "Keklik",
      "Kepez",
      "Kesme",
      "Keyken",
      "Kezlik",
      "Kımız",
      "Kımızın",
      "Kımızalma",
      "Kımızalmıla",
      "Kırçiçek",
      "Kırgavul",
      "Kırlangıç",
      "Kıvanç",
      "Kıvılcım",
      "Kızdurmuş",
      "Kızılalma"
    ],
    "last_name": [
      "Abacı",
      "Abadan",
      "Aclan",
      "Adal",
      "Adan",
      "Adıvar",
      "Akal",
      "Akan",
      "Akar ",
      "Akay",
      "Akaydın",
      "Akbulut",
      "Akgül",
      "Akışık",
      "Akman",
      "Akyürek",
      "Akyüz",
      "Akşit",
      "Alnıaçık",
      "Alpuğan",
      "Alyanak",
      "Arıcan",
      "Arslanoğlu",
      "Atakol",
      "Atan",
      "Avan",
      "Ayaydın",
      "Aybar",
      "Aydan",
      "Aykaç",
      "Ayverdi",
      "Ağaoğlu",
      "Aşıkoğlu",
      "Babacan",
      "Babaoğlu",
      "Bademci",
      "Bakırcıoğlu",
      "Balaban",
      "Balcı",
      "Barbarosoğlu",
      "Baturalp",
      "Baykam",
      "Başoğlu",
      "Berberoğlu",
      "Beşerler",
      "Beşok",
      "Biçer",
      "Bolatlı",
      "Dalkıran",
      "Dağdaş",
      "Dağlaroğlu",
      "Demirbaş",
      "Demirel",
      "Denkel",
      "Dizdar ",
      "Doğan ",
      "Durak ",
      "Durmaz",
      "Duygulu",
      "Düşenkalkar",
      "Egeli",
      "Ekici",
      "Ekşioğlu",
      "Eliçin",
      "Elmastaşoğlu",
      "Elçiboğa",
      "Erbay",
      "Erberk",
      "Erbulak",
      "Erdoğan",
      "Erez",
      "Erginsoy",
      "Erkekli",
      "Eronat",
      "Ertepınar",
      "Ertürk",
      "Erçetin",
      "Evliyaoğlu",
      "Gönültaş",
      "Gümüşpala",
      "Günday",
      "Gürmen",
      "Hakyemez",
      "Hamzaoğlu",
      "Ilıcalı",
      "Kahveci",
      "Kaplangı",
      "Karabulut",
      "Karaböcek",
      "Karadaş",
      "Karaduman",
      "Karaer",
      "Kasapoğlu",
      "Kavaklıoğlu",
      "Kaya ",
      "Keseroğlu",
      "Keçeci",
      "Kılıççı",
      "Kıraç ",
      "Kocabıyık",
      "Korol",
      "Koyuncu",
      "Koç",
      "Koçoğlu",
      "Koçyiğit",
      "Kuday",
      "Kulaksızoğlu",
      "Kumcuoğlu",
      "Kunt",
      "Kunter",
      "Kurutluoğlu",
      "Kutlay",
      "Kuzucu",
      "Körmükçü",
      "Köybaşı",
      "Köylüoğlu",
      "Küçükler",
      "Limoncuoğlu",
      "Mayhoş",
      "Menemencioğlu",
      "Mertoğlu",
      "Nalbantoğlu",
      "Nebioğlu",
      "Numanoğlu",
      "Okumuş",
      "Okur",
      "Oraloğlu",
      "Orbay",
      "Ozansoy",
      "Paksüt",
      "Pekkan",
      "Pektemek",
      "Polat",
      "Poyrazoğlu",
      "Poçan",
      "Sadıklar",
      "Samancı",
      "Sandalcı",
      "Sarıoğlu",
      "Saygıner",
      "Sepetçi",
      "Sezek",
      "Sinanoğlu",
      "Solmaz",
      "Sözeri",
      "Süleymanoğlu",
      "Tahincioğlu",
      "Tanrıkulu",
      "Tazegül",
      "Taşlı",
      "Taşçı",
      "Tekand",
      "Tekelioğlu",
      "Tokatlıoğlu",
      "Tokgöz",
      "Topaloğlu",
      "Topçuoğlu",
      "Toraman",
      "Tunaboylu",
      "Tunçeri",
      "Tuğlu",
      "Tuğluk",
      "Türkdoğan",
      "Türkyılmaz",
      "Tütüncü",
      "Tüzün",
      "Uca",
      "Uluhan",
      "Velioğlu",
      "Yalçın",
      "Yazıcı",
      "Yetkiner",
      "Yeşilkaya",
      "Yıldırım ",
      "Yıldızoğlu",
      "Yılmazer",
      "Yorulmaz",
      "Çamdalı",
      "Çapanoğlu",
      "Çatalbaş",
      "Çağıran",
      "Çetin",
      "Çetiner",
      "Çevik",
      "Çörekçi",
      "Önür",
      "Örge",
      "Öymen",
      "Özberk",
      "Özbey",
      "Özbir",
      "Özdenak",
      "Özdoğan",
      "Özgörkey",
      "Özkara",
      "Özkök ",
      "Öztonga",
      "Öztuna"
    ],
    "prefix": [
      "Bay",
      "Bayan",
      "Dr.",
      "Prof. Dr."
    ],
    "name": [
      "#{prefix} #{first_name} #{last_name}",
      "#{first_name} #{last_name}",
      "#{first_name} #{last_name}",
      "#{first_name} #{last_name}",
      "#{male_first_name} #{last_name}",
      "#{female_first_name} #{last_name}"
    ]
  }
}