{
   "name": {
      "first_name_women": [],
      "first_name_men": [],
      "female_first_name": [
         "Anna",
         "Eva",
         "Maria",
         "Karin",
         "Sara",
         "Kristina",
         "Lena",
         "Emma",
         "Kerstin",
         "Marie",
         "Malin",
         "Ingrid",
         "Jenny",
         "Hanna",
         "Linda",
         "Annika",
         "Susanne",
         "Elin",
         "Monica",
         "Birgitta",
         "Sofia",
         "Johanna",
         "Inger",
         "Carina",
         "Elisabeth",
         "Julia",
         "Ulla",
         "Katarina",
         "Linnéa",
         "Emelie",
         "Ida",
         "Helena",
         "Camilla",
         "Åsa",
         "Anette",
         "Sandra",
         "Gunilla",
         "Anita",
         "Maja",
         "Marianne",
         "Margareta",
         "Amanda",
         "Anneli",
         "Therese",
         "Ann",
         "Josefin",
         "Cecilia",
         "Jessica",
         "Helen",
         "Lisa",
         "Matilda",
         "Caroline",
         "Alice",
         "Frida",
         "Ulrika",
         "Elsa",
         "Barbro",
         "Siv",
         "Rebecca",
         "Madeleine",
         "Klara",
         "Ebba",
         "Sofie",
         "Isabelle",
         "Agneta",
         "Gun",
         "Wilma",
         "Lina",
         "Berit",
         "Pia",
         "Ella",
         "Ellen",
         "Yvonne",
         "Louise",
         "Astrid",
         "Moa",
         "Olivia",
         "Nathalie",
         "Mona",
         "Agnes",
         "Emilia",
         "Alexandra",
         "Alva",
         "Britt",
         "Erika",
         "Viktoria",
         "Ann-Christin",
         "Felicia",
         "Ann-Marie",
         "Sonja",
         "Britt-Marie",
         "Pernilla",
         "Lovisa",
         "Charlotte",
         "Linn",
         "Gunnel",
         "Nina",
         "Mikaela",
         "Karolina",
         "Lisbeth"
      ],
      "male_first_name": [
         "Lars",
         "Mikael",
         "Anders",
         "Johan",
         "Erik",
         "Per",
         "Peter",
         "Karl",
         "Thomas",
         "Jan",
         "Daniel",
         "Fredrik",
         "Andreas",
         "Hans",
         "Stefan",
         "Mohamed",
         "Mats",
         "Marcus",
         "Mattias",
         "Magnus",
         "Jonas",
         "Oskar",
         "Alexander",
         "Niklas",
         "Bengt",
         "Martin",
         "Bo",
         "Nils",
         "Viktor",
         "Patrik",
         "Björn",
         "David",
         "Leif",
         "Filip",
         "Henrik",
         "Joakim",
         "Emil",
         "Christer",
         "Ulf",
         "Sven",
         "Simon",
         "Christoffer",
         "Anton",
         "Gustav",
         "Robert",
         "Christian",
         "William",
         "Tommy",
         "Kjell",
         "Lucas",
         "Rickard",
         "Håkan",
         "Adam",
         "Göran",
         "Jakob",
         "Jonathan",
         "Rolf",
         "Lennart",
         "Robin",
         "Sebastian",
         "Elias",
         "Tobias",
         "John",
         "Stig",
         "Axel",
         "Linus",
         "Oliver",
         "Kent",
         "Hugo",
         "Isak",
         "Roger",
         "Jesper",
         "Claes",
         "Albin",
         "Ludvig",
         "Jörgen",
         "Rasmus",
         "Max",
         "Ali",
         "Jimmy",
         "Kenneth",
         "Joel",
         "Gunnar",
         "Dennis",
         "Josef",
         "Johnny",
         "Olle",
         "Liam",
         "Leo",
         "Olof",
         "Pontus",
         "Åke",
         "Kurt",
         "Kevin",
         "Samuel",
         "Edvin",
         "Gabriel",
         "Torbjörn",
         "Arvid",
         "Felix"
      ],
      "last_name": [
         "Johansson",
         "Andersson",
         "Karlsson",
         "Nilsson",
         "Eriksson",
         "Larsson",
         "Olsson",
         "Persson",
         "Svensson",
         "Gustafsson",
         "Pettersson",
         "Jonsson",
         "Jansson",
         "Hansson",
         "Bengtsson",
         "Jönsson",
         "Lindberg",
         "Jakobsson",
         "Magnusson",
         "Olofsson",
         "Lindström",
         "Lindqvist",
         "Lindgren",
         "Berg",
         "Axelsson",
         "Bergström",
         "Lundberg",
         "Lind",
         "Lundgren",
         "Lundqvist",
         "Mattsson",
         "Berglund",
         "Fredriksson",
         "Sandberg",
         "Henriksson",
         "Forsberg",
         "Sjöberg",
         "Ali",
         "Wallin",
         "Mohamed",
         "Engström",
         "Eklund",
         "Danielsson",
         "Lundin",
         "Håkansson",
         "Björk",
         "Bergman",
         "Gunnarsson",
         "Holm",
         "Wikström",
         "Samuelsson",
         "Isaksson",
         "Fransson",
         "Bergqvist",
         "Nyström",
         "Holmberg",
         "Arvidsson",
         "Löfgren",
         "Söderberg",
         "Nyberg",
         "Blomqvist",
         "Claesson",
         "Nordström",
         "Ahmed",
         "Mårtensson",
         "Lundström",
         "Hassan",
         "Viklund",
         "Björklund",
         "Eliasson",
         "Pålsson",
         "Berggren",
         "Sandström",
         "Lund",
         "Nordin",
         "Ström",
         "Åberg",
         "Falk",
         "Ekström",
         "Hermansson",
         "Holmgren",
         "Hellström",
         "Dahlberg",
         "Hedlund",
         "Sundberg",
         "Sjögren",
         "Ek",
         "Blom",
         "Abrahamsson",
         "Martinsson",
         "Öberg",
         "Andreasson",
         "Strömberg",
         "Månsson",
         "Hansen",
         "Åkesson",
         "Dahl",
         "Lindholm",
         "Norberg",
         "Holmqvist"
      ],
      "name": [
         "#{female_first_name} #{last_name}",
         "#{male_first_name} #{last_name}",
         "#{female_first_name} #{last_name}",
         "#{male_first_name} #{last_name}",
         "#{female_first_name} #{last_name}",
         "#{male_first_name} #{last_name}",
         "#{prefix} #{male_first_name} #{last_name}",
         "#{prefix} #{female_first_name} #{last_name}"
      ]
   }
}