{
   "internet": {
      "domain_suffix": [
         "com.tr",
         "com",
         "net",
         "net.tr",
         "org",
         "org.tr",
         "biz",
         "info",
         "name",
         "gov.tr"
      ]
   },
   "lorem": {
      "words": [
         "masaya",
         "doğru",
         "gülüyorum",
         "telefonu",
         "patlıcan",
         "tv",
         "un",
         "değirmeni",
         "anlamsız",
         "filmini",
         "mi",
         "bilgisayarı",
         "salladı",
         "orta",
         "camisi",
         "çünkü",
         "yazın",
         "umut",
         "teldeki",
         "layıkıyla",
         "gül",
         "otobüs",
         "gitti",
         "değerli",
         "olduğu",
         "için",
         "çobanın",
         "öyle",
         "ki",
         "sokaklarda",
         "adanaya",
         "de",
         "masanın",
         "çakıl",
         "lambadaki",
         "gördüm",
         "ekşili",
         "çorba",
         "cezbelendi",
         "batarya",
         "kutusu",
         "lakin",
         "dışarı",
         "çıktılar",
         "karşıdakine",
         "bilgiyasayarı",
         "sevindi",
         "ve",
         "ışık",
         "dağılımı",
         "sıla",
         "koştum",
         "koşuyorlar",
         "göze",
         "çarpan",
         "eve",
         "yapacakmış",
         "gidecekmiş",
         "biber",
         "dergi",
         "ona",
         "duyulmamış",
         "türemiş",
         "sıfat",
         "sandalye",
         "mıknatıslı",
         "okuma",
         "sayfası",
         "sinema",
         "hesap",
         "makinesi",
         "balıkhaneye",
         "mutlu",
         "oldular",
         "beğendim",
         "kapının",
         "kulu",
         "koyun",
         "cesurca",
         "yaptı",
         "gazete",
         "uzattı",
         "ötekinden",
         "dolayı",
         "sarmal",
         "açılmadan",
         "adresini",
         "kalemi",
         "sıradanlıktan",
         "şafak",
         "ama",
         "bahar",
         "bundan",
         "domates",
         "düşünüyor",
         "layıkıyla",
         "alias",
         "consequatur",
         "aut",
         "perferendis",
         "sit",
         "voluptatem",
         "accusantium",
         "doloremque",
         "aperiam",
         "eaque",
         "ipsa",
         "quae",
         "ab",
         "illo",
         "inventore",
         "veritatis",
         "et",
         "quasi",
         "architecto",
         "beatae",
         "vitae",
         "dicta",
         "sunt",
         "explicabo",
         "aspernatur",
         "aut",
         "odit",
         "aut",
         "fugit",
         "sed",
         "quia",
         "consequuntur",
         "magni",
         "dolores",
         "eos",
         "qui",
         "ratione",
         "voluptatem",
         "sequi",
         "nesciunt",
         "neque",
         "dolorem",
         "ipsum",
         "quia",
         "dolor",
         "sit",
         "amet",
         "consectetur",
         "adipisci",
         "velit",
         "sed",
         "quia",
         "non",
         "numquam",
         "eius",
         "modi",
         "tempora",
         "incidunt",
         "ut",
         "labore",
         "et",
         "dolore",
         "magnam",
         "aliquam",
         "quaerat",
         "voluptatem",
         "ut",
         "enim",
         "ad",
         "minima",
         "veniam",
         "quis",
         "nostrum",
         "exercitationem",
         "ullam",
         "corporis",
         "nemo",
         "enim",
         "ipsam",
         "voluptatem",
         "quia",
         "voluptas",
         "sit",
         "suscipit",
         "laboriosam",
         "nisi",
         "ut",
         "aliquid",
         "ex",
         "ea",
         "commodi",
         "consequatur",
         "quis",
         "autem",
         "vel",
         "eum",
         "iure",
         "reprehenderit",
         "qui",
         "in",
         "ea",
         "voluptate",
         "velit",
         "esse",
         "quam",
         "nihil",
         "molestiae",
         "et",
         "iusto",
         "odio",
         "dignissimos",
         "ducimus",
         "qui",
         "blanditiis",
         "praesentium",
         "laudantium",
         "totam",
         "rem",
         "voluptatum",
         "deleniti"
      ]
   },
   "address": {
      "state": [
         "Adana",
         "Adiyaman",
         "Afyonkarahisar",
         "Agri",
         "Aksaray",
         "Amasya",
         "Ankara",
         "Antalya",
         "Ardahan",
         "Artvin",
         "Aydin",
         "Balikesir",
         "Bartin",
         "Batman",
         "Bayburt",
         "Bilecik",
         "Bingöl",
         "Bitlis",
         "Bolu",
         "Burdur",
         "Bursa",
         "Çanakkale",
         "Çankiri",
         "Çorum",
         "Denizli",
         "Diyarbakir",
         "Düzce",
         "Edirne",
         "Elazig",
         "Erzincan",
         "Erzurum",
         "Eskisehir",
         "Gaziantep",
         "Giresun",
         "Gümüshane",
         "Hakkâri",
         "Hatay",
         "Igdir",
         "Isparta",
         "Istanbul",
         "Izmir",
         "Kahramanmaras",
         "Karabük",
         "Karaman",
         "Kars",
         "Kastamonu",
         "Kayseri",
         "Kirikkale",
         "Kirklareli",
         "Kirsehir",
         "Kilis",
         "Kocaeli",
         "Konya",
         "Kütahya",
         "Malatya",
         "Manisa",
         "Mardin",
         "Mersin",
         "Mugla",
         "Mus",
         "Nevsehir",
         "Nigde",
         "Ordu",
         "Osmaniye",
         "Rize",
         "Sakarya",
         "Samsun",
         "Siirt",
         "Sinop",
         "Sivas",
         "Sanliurfa",
         "Sirnak",
         "Tekirdag",
         "Tokat",
         "Trabzon",
         "Tunceli",
         "Usak",
         "Van",
         "Yalova",
         "Yozgat",
         "Zonguldak"
      ]
   }
}
